Area,Baths,Bedrooms,Price,location
18 Marla,6,5,PKR15 Crore,"DHA Defence, Islamabad, Islamabad Capital"
1 Kanal,-,-,PKR11.5 Crore,"DHA Defence, Islamabad, Islamabad Capital"
1 Kanal,7,6,PKR12 Crore,"DHA Defence, Islamabad, Islamabad Capital"
1 Kanal,7,6,PKR11.9 Crore,"DHA Defence, Islamabad, Islamabad Capital"
11.9 Marla,4,3,PKR3.2 Crore,"DHA Defence, Islamabad, Islamabad Capital"
1 Kanal,6,6,PKR7.7 Crore,"DHA Defence, Islamabad, Islamabad Capital"
1 Kanal,7,6,PKR8.5 Crore,"DHA Defence, Islamabad, Islamabad Capital"
12 Marla,3,3,PKR3.15 Crore,"DHA Defence, Islamabad, Islamabad Capital"
1 Kanal,6,6,PKR9.25 Crore,"DHA Defence, Islamabad, Islamabad Capital"
2 Kanal,6,5,PKR22 Crore,"DHA Defence, Islamabad, Islamabad Capital"
1 Kanal,6,6,PKR13.5 Crore,"DHA Defence, Islamabad, Islamabad Capital"
1 Kanal,6,6,PKR10 Crore,"DHA Defence, Islamabad, Islamabad Capital"
4 Marla,2,2,PKR1.1 Crore,"DHA Defence, Islamabad, Islamabad Capital"
1 Kanal,6,6,PKR11.9 Crore,"DHA Defence, Islamabad, Islamabad Capital"
1 Kanal,6,6,PKR10.9 Crore,"DHA Defence, Islamabad, Islamabad Capital"
1 Kanal,6,6,PKR8 Crore,"DHA Defence, Islamabad, Islamabad Capital"
1 Kanal,7,6,PKR16.5 Crore,"DHA Defence, Islamabad, Islamabad Capital"
12.2 Marla,4,3,PKR3.01 Crore,"DHA Defence, Islamabad, Islamabad Capital"
1 Kanal,6,5,PKR13.2 Crore,"DHA Defence, Islamabad, Islamabad Capital"
1 Kanal,6,6,PKR9.8 Crore,"DHA Defence, Islamabad, Islamabad Capital"
1 Kanal,6,5,PKR13.9 Crore,"DHA Defence, Islamabad, Islamabad Capital"
1 Kanal,7,5,PKR12.5 Crore,"DHA Defence, Islamabad, Islamabad Capital"
1 Kanal,6,6,PKR12.2 Crore,"DHA Defence, Islamabad, Islamabad Capital"
1 Kanal,6,5,PKR11.5 Crore,"DHA Defence, Islamabad, Islamabad Capital"
12.4 Marla,4,3,PKR2.95 Crore,"DHA Defence, Islamabad, Islamabad Capital"
1 Kanal,7,6,PKR8.85 Crore,"DHA Defence, Islamabad, Islamabad Capital"
1 Kanal,7,6,PKR14.5 Crore,"DHA Defence, Islamabad, Islamabad Capital"
1 Kanal,7,6,PKR8.9 Crore,"DHA Defence, Islamabad, Islamabad Capital"
7.7 Marla,2,2,PKR4.33 Crore,"DHA Defence, Islamabad, Islamabad Capital"
1 Kanal,6,5,PKR14.5 Crore,"DHA Defence, Islamabad, Islamabad Capital"
1 Kanal,7,6,PKR11.9 Crore,"DHA Defence, Islamabad, Islamabad Capital"
1 Kanal,6,5,PKR10 Crore,"DHA Defence, Islamabad, Islamabad Capital"
1.2 Kanal,6,6,PKR7.9 Crore,"DHA Defence, Islamabad, Islamabad Capital"
2 Kanal,6,6,PKR17 Crore,"DHA Defence, Islamabad, Islamabad Capital"
2 Kanal,6,6,PKR39 Crore,"DHA Defence, Islamabad, Islamabad Capital"
1 Kanal,5,5,PKR8.95 Crore,"DHA Defence, Islamabad, Islamabad Capital"
1 Kanal,6,6,PKR12.25 Crore,"DHA Defence, Islamabad, Islamabad Capital"
10 Marla,6,5,PKR6.75 Crore,"DHA Defence, Islamabad, Islamabad Capital"
8 Marla,3,3,PKR1.35 Crore,"DHA Defence, Islamabad, Islamabad Capital"
1 Kanal,6,6,PKR11.8 Crore,"DHA Defence, Islamabad, Islamabad Capital"
1 Kanal,7,7,PKR11.7 Crore,"DHA Defence, Islamabad, Islamabad Capital"
5.3 Marla,2,2,PKR1.11 Crore,"DHA Defence, Islamabad, Islamabad Capital"
1 Kanal,6,5,PKR12.49 Crore,"DHA Defence, Islamabad, Islamabad Capital"
12 Marla,6,5,PKR7.45 Crore,"DHA Defence, Islamabad, Islamabad Capital"
4 Kanal,7,8,PKR60 Crore,"DHA Defence, Islamabad, Islamabad Capital"
8 Marla,3,3,PKR1.75 Crore,"DHA Defence, Islamabad, Islamabad Capital"
5 Marla,2,2,PKR75 Lakh,"DHA Defence, Islamabad, Islamabad Capital"
8 Marla,4,3,PKR1.55 Crore,"DHA Defence, Islamabad, Islamabad Capital"
10 Marla,6,5,PKR5.7 Crore,"DHA Defence, Islamabad, Islamabad Capital"
1 Kanal,6,6,PKR9.5 Crore,"DHA Defence, Islamabad, Islamabad Capital"
1 Kanal,6,6,PKR8.9 Crore,"DHA Defence, Islamabad, Islamabad Capital"
1 Kanal,6,6,PKR9 Crore,"DHA Defence, Islamabad, Islamabad Capital"
1 Kanal,5,5,PKR20 Crore,"DHA Defence, Islamabad, Islamabad Capital"
1.5 Kanal,6,6,PKR7.5 Crore,"DHA Defence, Islamabad, Islamabad Capital"
14 Marla,6,9,PKR5.5 Crore,"DHA Defence, Islamabad, Islamabad Capital"
2.1 Marla,1,1,PKR45 Lakh,"DHA Defence, Islamabad, Islamabad Capital"
2.1 Marla,1,1,PKR45 Lakh,"DHA Defence, Islamabad, Islamabad Capital"
1 Kanal,6,6,PKR10 Crore,"DHA Defence, Islamabad, Islamabad Capital"
1 Kanal,6,5,PKR12 Crore,"DHA Defence, Islamabad, Islamabad Capital"
8 Marla,3,3,PKR1.65 Crore,"DHA Defence, Islamabad, Islamabad Capital"
1 Kanal,6,6,PKR8.8 Crore,"DHA Defence, Islamabad, Islamabad Capital"
1 Kanal,7,6,PKR10 Crore,"DHA Defence, Islamabad, Islamabad Capital"
1 Kanal,6,6,PKR11.65 Crore,"DHA Defence, Islamabad, Islamabad Capital"
8 Marla,5,5,PKR4.5 Crore,"DHA Defence, Islamabad, Islamabad Capital"
1 Kanal,6,6,PKR11.9 Crore,"DHA Defence, Islamabad, Islamabad Capital"
1 Kanal,6,6,PKR10.5 Crore,"DHA Defence, Islamabad, Islamabad Capital"
1 Kanal,7,6,PKR13.9 Crore,"DHA Defence, Islamabad, Islamabad Capital"
1 Kanal,7,6,PKR9.25 Crore,"DHA Defence, Islamabad, Islamabad Capital"
1 Kanal,6,6,PKR13.9 Crore,"DHA Defence, Islamabad, Islamabad Capital"
1 Kanal,5,6,PKR9 Crore,"DHA Defence, Islamabad, Islamabad Capital"
1 Kanal,-,6,PKR10.5 Crore,"DHA Defence, Islamabad, Islamabad Capital"
1 Kanal,6,6,PKR10 Crore,"DHA Defence, Islamabad, Islamabad Capital"
1 Kanal,6,6,PKR12.8 Crore,"DHA Defence, Islamabad, Islamabad Capital"
1 Kanal,6,5,PKR11.8 Crore,"DHA Defence, Islamabad, Islamabad Capital"
10 Marla,6,5,PKR7.5 Crore,"DHA Defence, Islamabad, Islamabad Capital"
1 Kanal,5,5,PKR14 Crore,"DHA Defence, Islamabad, Islamabad Capital"
3.6 Marla,2,2,PKR78 Lakh,"DHA Defence, Islamabad, Islamabad Capital"
5.1 Marla,2,2,PKR1.1 Crore,"DHA Defence, Islamabad, Islamabad Capital"
6 Marla,5,4,PKR4.6 Crore,"DHA Defence, Islamabad, Islamabad Capital"
1 Kanal,6,6,PKR11.5 Crore,"DHA Defence, Islamabad, Islamabad Capital"
1 Kanal,5,5,PKR14.5 Crore,"DHA Defence, Islamabad, Islamabad Capital"
5 Marla,2,2,PKR69.5 Lakh,"DHA Defence, Islamabad, Islamabad Capital"
11.9 Marla,3,3,PKR3.55 Crore,"DHA Defence, Islamabad, Islamabad Capital"
10 Marla,4,3,PKR3.05 Crore,"DHA Defence, Islamabad, Islamabad Capital"
7.3 Marla,3,3,PKR1.55 Crore,"DHA Defence, Islamabad, Islamabad Capital"
1 Kanal,6,5,PKR10.5 Crore,"DHA Defence, Islamabad, Islamabad Capital"
1 Kanal,6,5,PKR12.5 Crore,"DHA Defence, Islamabad, Islamabad Capital"
1 Kanal,6,5,PKR12.7 Crore,"DHA Defence, Islamabad, Islamabad Capital"
1 Kanal,6,6,PKR14.9 Crore,"DHA Defence, Islamabad, Islamabad Capital"
1 Kanal,6,5,PKR10.9 Crore,"DHA Defence, Islamabad, Islamabad Capital"
1 Kanal,6,6,PKR12.8 Crore,"DHA Defence, Islamabad, Islamabad Capital"
1 Kanal,6,5,PKR13.5 Crore,"DHA Defence, Islamabad, Islamabad Capital"
1 Kanal,6,5,PKR12.8 Crore,"DHA Defence, Islamabad, Islamabad Capital"
1 Kanal,6,6,PKR11.9 Crore,"DHA Defence, Islamabad, Islamabad Capital"
12 Marla,6,5,PKR4.7 Crore,"DHA Defence, Islamabad, Islamabad Capital"
3.6 Marla,2,2,PKR78 Lakh,"DHA Defence, Islamabad, Islamabad Capital"
3.9 Marla,2,2,PKR80 Lakh,"DHA Defence, Islamabad, Islamabad Capital"
7.9 Marla,3,3,PKR2 Crore,"DHA Defence, Islamabad, Islamabad Capital"
14 Marla,4,3,PKR3.75 Crore,"DHA Defence, Islamabad, Islamabad Capital"
1 Kanal,7,6,PKR12.75 Crore,"DHA Defence, Islamabad, Islamabad Capital"
1.2 Kanal,5,5,PKR10.95 Crore,"DHA Defence, Islamabad, Islamabad Capital"
1 Kanal,6,6,PKR10.95 Crore,"DHA Defence, Islamabad, Islamabad Capital"
14.2 Marla,5,4,PKR3.9 Crore,"DHA Defence, Islamabad, Islamabad Capital"
1 Kanal,6,5,PKR13.75 Crore,"DHA Defence, Islamabad, Islamabad Capital"
1 Kanal,7,5,PKR13.75 Crore,"DHA Defence, Islamabad, Islamabad Capital"
3.6 Marla,2,2,PKR78 Lakh,"DHA Defence, Islamabad, Islamabad Capital"
1 Kanal,6,5,PKR12.2 Crore,"DHA Defence, Islamabad, Islamabad Capital"
1 Kanal,6,6,PKR9.3 Crore,"DHA Defence, Islamabad, Islamabad Capital"
10 Marla,3,3,PKR2.85 Crore,"DHA Defence, Islamabad, Islamabad Capital"
11 Marla,4,3,PKR3.75 Crore,"DHA Defence, Islamabad, Islamabad Capital"
3.6 Marla,2,2,PKR80 Lakh,"DHA Defence, Islamabad, Islamabad Capital"
1 Kanal,7,6,PKR11.5 Crore,"DHA Defence, Islamabad, Islamabad Capital"
1 Kanal,6,5,PKR11.95 Crore,"DHA Defence, Islamabad, Islamabad Capital"
1 Kanal,6,5,PKR12.75 Crore,"DHA Defence, Islamabad, Islamabad Capital"
1 Kanal,6,5,PKR13.5 Crore,"DHA Defence, Islamabad, Islamabad Capital"
5.1 Marla,3,3,PKR1.55 Crore,"DHA Defence, Islamabad, Islamabad Capital"
5.1 Marla,3,3,PKR1.53 Crore,"DHA Defence, Islamabad, Islamabad Capital"
1 Kanal,6,5,PKR13.9 Crore,"DHA Defence, Islamabad, Islamabad Capital"
1 Kanal,6,5,PKR14.5 Crore,"DHA Defence, Islamabad, Islamabad Capital"
1 Kanal,6,6,PKR14.9 Crore,"DHA Defence, Islamabad, Islamabad Capital"
11.6 Marla,3,3,PKR3.5 Crore,"DHA Defence, Islamabad, Islamabad Capital"
1 Kanal,6,6,PKR9.9 Crore,"DHA Defence, Islamabad, Islamabad Capital"
1 Kanal,6,5,PKR11.5 Crore,"DHA Defence, Islamabad, Islamabad Capital"
5 Marla,2,2,PKR69.5 Lakh,"DHA Defence, Islamabad, Islamabad Capital"
5.2 Marla,2,2,PKR2.94 Crore,"DHA Defence, Islamabad, Islamabad Capital"
8 Marla,4,3,PKR1.49 Crore,"DHA Defence, Islamabad, Islamabad Capital"
10 Marla,6,5,PKR7 Crore,"DHA Defence, Islamabad, Islamabad Capital"
1 Kanal,6,6,PKR10.5 Crore,"DHA Defence, Islamabad, Islamabad Capital"
1 Kanal,6,7,PKR12.2 Crore,"DHA Defence, Islamabad, Islamabad Capital"
8 Marla,4,3,PKR1.3 Crore,"DHA Defence, Islamabad, Islamabad Capital"
8 Marla,3,3,PKR1.47 Crore,"DHA Defence, Islamabad, Islamabad Capital"
10 Marla,4,3,PKR2.9 Crore,"DHA Defence, Islamabad, Islamabad Capital"
1 Kanal,6,5,PKR13.75 Crore,"DHA Defence, Islamabad, Islamabad Capital"
1 Kanal,6,5,PKR11.5 Crore,"DHA Defence, Islamabad, Islamabad Capital"
10 Marla,3,3,PKR3 Crore,"DHA Defence, Islamabad, Islamabad Capital"
1 Kanal,5,6,PKR12.8 Crore,"DHA Defence, Islamabad, Islamabad Capital"
8 Marla,3,3,PKR1.55 Crore,"DHA Defence, Islamabad, Islamabad Capital"
6 Marla,5,4,PKR4.65 Crore,"DHA Defence, Islamabad, Islamabad Capital"
2.7 Marla,1,1,PKR64 Lakh,"DHA Defence, Islamabad, Islamabad Capital"
5 Marla,2,2,PKR64 Lakh,"DHA Defence, Islamabad, Islamabad Capital"
1 Kanal,6,6,PKR11 Crore,"DHA Defence, Islamabad, Islamabad Capital"
5.3 Marla,4,4,PKR2.75 Crore,"DHA Defence, Islamabad, Islamabad Capital"
2 Kanal,7,6,PKR20 Crore,"DHA Defence, Islamabad, Islamabad Capital"
1 Kanal,6,5,PKR14.5 Crore,"DHA Defence, Islamabad, Islamabad Capital"
1 Kanal,7,6,PKR12 Crore,"DHA Defence, Islamabad, Islamabad Capital"
1 Kanal,6,6,PKR10.5 Crore,"DHA Defence, Islamabad, Islamabad Capital"
1 Kanal,6,6,PKR11.75 Crore,"DHA Defence, Islamabad, Islamabad Capital"
1 Kanal,6,6,PKR13.9 Crore,"DHA Defence, Islamabad, Islamabad Capital"
6.6 Marla,3,3,PKR1.55 Crore,"DHA Defence, Islamabad, Islamabad Capital"
6 Marla,2,2,PKR1.25 Crore,"DHA Defence, Islamabad, Islamabad Capital"
8 Marla,3,3,PKR3.41 Crore,"DHA Defence, Islamabad, Islamabad Capital"
10 Marla,5,5,PKR6.5 Crore,"DHA Defence, Islamabad, Islamabad Capital"
1 Kanal,6,5,PKR10 Crore,"DHA Defence, Islamabad, Islamabad Capital"
1 Kanal,6,5,PKR14.9 Crore,"DHA Defence, Islamabad, Islamabad Capital"
10 Marla,3,3,PKR3.35 Crore,"DHA Defence, Islamabad, Islamabad Capital"
10 Marla,5,5,PKR6.7 Crore,"DHA Defence, Islamabad, Islamabad Capital"
1.5 Kanal,6,6,PKR16.5 Crore,"DHA Defence, Islamabad, Islamabad Capital"
1 Kanal,6,5,PKR12.5 Crore,"DHA Defence, Islamabad, Islamabad Capital"
1 Kanal,6,5,PKR12.5 Crore,"DHA Defence, Islamabad, Islamabad Capital"
11.6 Marla,4,3,PKR4.25 Crore,"DHA Defence, Islamabad, Islamabad Capital"
1 Kanal,6,5,PKR12.4 Crore,"DHA Defence, Islamabad, Islamabad Capital"
1 Kanal,-,-,PKR13.5 Crore,"DHA Defence, Islamabad, Islamabad Capital"
10 Marla,5,5,PKR7.5 Crore,"DHA Defence, Islamabad, Islamabad Capital"
1 Kanal,6,6,PKR11.75 Crore,"DHA Defence, Islamabad, Islamabad Capital"
1 Kanal,6,6,PKR10.75 Crore,"DHA Defence, Islamabad, Islamabad Capital"
1 Kanal,6,5,PKR11.25 Crore,"DHA Defence, Islamabad, Islamabad Capital"
1 Kanal,6,5,PKR10.9 Crore,"DHA Defence, Islamabad, Islamabad Capital"
1.2 Kanal,6,5,PKR15 Crore,"DHA Defence, Islamabad, Islamabad Capital"
1 Kanal,6,6,PKR12.49 Crore,"DHA Defence, Islamabad, Islamabad Capital"
1 Kanal,6,5,PKR13.5 Crore,"DHA Defence, Islamabad, Islamabad Capital"
1 Kanal,6,6,PKR11.8 Crore,"DHA Defence, Islamabad, Islamabad Capital"
1 Kanal,6,6,PKR12.7 Crore,"DHA Defence, Islamabad, Islamabad Capital"
6.6 Marla,3,3,PKR1.5 Crore,"DHA Defence, Islamabad, Islamabad Capital"
1 Kanal,6,5,PKR12.5 Crore,"DHA Defence, Islamabad, Islamabad Capital"
1 Kanal,6,6,PKR11.5 Crore,"DHA Defence, Islamabad, Islamabad Capital"
1 Kanal,6,5,PKR13.5 Crore,"DHA Defence, Islamabad, Islamabad Capital"
1 Kanal,6,5,PKR9.95 Crore,"DHA Defence, Islamabad, Islamabad Capital"
1 Kanal,6,5,PKR13.9 Crore,"DHA Defence, Islamabad, Islamabad Capital"
1 Kanal,6,6,PKR13.5 Crore,"DHA Defence, Islamabad, Islamabad Capital"
1 Kanal,-,6,PKR12 Crore,"DHA Defence, Islamabad, Islamabad Capital"
10 Marla,6,5,PKR6.5 Crore,"DHA Defence, Islamabad, Islamabad Capital"
10 Marla,6,5,PKR5.25 Crore,"DHA Defence, Islamabad, Islamabad Capital"
1 Kanal,6,6,PKR11.9 Crore,"DHA Defence, Islamabad, Islamabad Capital"
14.2 Marla,5,4,PKR4.15 Crore,"DHA Defence, Islamabad, Islamabad Capital"
1 Kanal,6,5,PKR11.9 Crore,"DHA Defence, Islamabad, Islamabad Capital"
1 Kanal,6,6,PKR9.95 Crore,"DHA Defence, Islamabad, Islamabad Capital"
1 Kanal,7,6,PKR14.75 Crore,"DHA Defence, Islamabad, Islamabad Capital"
1 Kanal,6,5,PKR11.5 Crore,"DHA Defence, Islamabad, Islamabad Capital"
1 Kanal,6,6,PKR12.45 Crore,"DHA Defence, Islamabad, Islamabad Capital"
7.5 Marla,3,3,PKR1.35 Crore,"Bahria Town, Islamabad, Islamabad Capital"
5 Marla,4,3,PKR2.9 Crore,"Bahria Town, Islamabad, Islamabad Capital"
1 Kanal,6,5,PKR9.6 Crore,"Bahria Town, Islamabad, Islamabad Capital"
10 Marla,6,5,PKR6 Crore,"Bahria Town, Islamabad, Islamabad Capital"
9 Marla,5,5,PKR4.2 Crore,"Bahria Town, Islamabad, Islamabad Capital"
9 Marla,5,5,PKR4.15 Crore,"Bahria Town, Islamabad, Islamabad Capital"
10 Marla,5,5,PKR4.5 Crore,"Bahria Town, Islamabad, Islamabad Capital"
1 Kanal,6,5,PKR12.8 Crore,"Bahria Town, Islamabad, Islamabad Capital"
10 Marla,6,5,PKR6.25 Crore,"Bahria Town, Islamabad, Islamabad Capital"
5 Marla,4,3,PKR2.6 Crore,"Bahria Town, Islamabad, Islamabad Capital"
12 Marla,6,5,PKR6 Crore,"Bahria Town, Islamabad, Islamabad Capital"
8 Marla,6,5,PKR3.9 Crore,"Bahria Town, Islamabad, Islamabad Capital"
10 Marla,6,5,PKR5.7 Crore,"Bahria Town, Islamabad, Islamabad Capital"
5 Marla,4,3,PKR2.4 Crore,"Bahria Town, Islamabad, Islamabad Capital"
6.9 Marla,2,2,PKR1.6 Crore,"Bahria Town, Islamabad, Islamabad Capital"
8 Marla,5,5,PKR4.5 Crore,"Bahria Town, Islamabad, Islamabad Capital"
2.9 Marla,1,-,PKR78 Lakh,"Bahria Town, Islamabad, Islamabad Capital"
7.1 Marla,2,2,PKR1.6 Crore,"Bahria Town, Islamabad, Islamabad Capital"
10 Marla,5,5,PKR5.2 Crore,"Bahria Town, Islamabad, Islamabad Capital"
8 Marla,4,4,PKR4.3 Crore,"Bahria Town, Islamabad, Islamabad Capital"
10 Marla,5,5,PKR4.35 Crore,"Bahria Town, Islamabad, Islamabad Capital"
10 Marla,6,5,PKR4.4 Crore,"Bahria Town, Islamabad, Islamabad Capital"
1 Kanal,6,5,PKR9.95 Crore,"Bahria Town, Islamabad, Islamabad Capital"
10 Marla,5,5,PKR6.25 Crore,"Bahria Town, Islamabad, Islamabad Capital"
10 Marla,6,5,PKR4.8 Crore,"Bahria Town, Islamabad, Islamabad Capital"
1 Kanal,6,7,PKR12.5 Crore,"Bahria Town, Islamabad, Islamabad Capital"
10 Marla,5,4,PKR6.25 Crore,"Bahria Town, Islamabad, Islamabad Capital"
10 Marla,6,5,PKR4.3 Crore,"Bahria Town, Islamabad, Islamabad Capital"
5 Marla,4,3,PKR2.5 Crore,"Bahria Town, Islamabad, Islamabad Capital"
10 Marla,6,5,PKR5.6 Crore,"Bahria Town, Islamabad, Islamabad Capital"
10 Marla,6,6,PKR4.15 Crore,"Bahria Town, Islamabad, Islamabad Capital"
6.1 Marla,2,2,PKR1.18 Crore,"Bahria Town, Islamabad, Islamabad Capital"
5 Marla,4,3,PKR2.5 Crore,"Bahria Town, Islamabad, Islamabad Capital"
10 Marla,5,5,PKR4.85 Crore,"Bahria Town, Islamabad, Islamabad Capital"
1 Kanal,6,6,PKR8 Crore,"Bahria Town, Islamabad, Islamabad Capital"
4.2 Marla,1,1,PKR1.4 Crore,"Bahria Town, Islamabad, Islamabad Capital"
4.2 Marla,2,2,PKR98 Lakh,"Bahria Town, Islamabad, Islamabad Capital"
5.6 Marla,3,2,PKR1.5 Crore,"Bahria Town, Islamabad, Islamabad Capital"
1.9 Marla,1,1,PKR55.85 Lakh,"Bahria Town, Islamabad, Islamabad Capital"
10 Marla,5,5,PKR4.45 Crore,"Bahria Town, Islamabad, Islamabad Capital"
10 Marla,6,5,PKR6.25 Crore,"Bahria Town, Islamabad, Islamabad Capital"
10 Marla,6,5,PKR5.9 Crore,"Bahria Town, Islamabad, Islamabad Capital"
10 Marla,5,5,PKR5.9 Crore,"Bahria Town, Islamabad, Islamabad Capital"
10.9 Marla,3,3,PKR2.1 Crore,"Bahria Town, Islamabad, Islamabad Capital"
10 Marla,5,5,PKR6 Crore,"Bahria Town, Islamabad, Islamabad Capital"
8 Marla,5,4,PKR3.6 Crore,"Bahria Town, Islamabad, Islamabad Capital"
4.9 Marla,2,1,PKR1.23 Crore,"Bahria Town, Islamabad, Islamabad Capital"
5 Marla,4,3,PKR2.6 Crore,"Bahria Town, Islamabad, Islamabad Capital"
5 Marla,4,3,PKR2.35 Crore,"Bahria Town, Islamabad, Islamabad Capital"
5 Marla,4,3,PKR2.7 Crore,"Bahria Town, Islamabad, Islamabad Capital"
5 Marla,4,3,PKR2.35 Crore,"Bahria Town, Islamabad, Islamabad Capital"
10 Marla,6,5,PKR5.5 Crore,"Bahria Town, Islamabad, Islamabad Capital"
5 Marla,4,4,PKR2.5 Crore,"Bahria Town, Islamabad, Islamabad Capital"
8 Marla,5,4,PKR3.8 Crore,"Bahria Town, Islamabad, Islamabad Capital"
4.1 Marla,2,2,PKR1.47 Crore,"Bahria Town, Islamabad, Islamabad Capital"
2 Kanal,7,6,PKR15 Crore,"Bahria Town, Islamabad, Islamabad Capital"
8 Marla,5,4,PKR4.5 Crore,"Bahria Town, Islamabad, Islamabad Capital"
5 Marla,3,3,PKR2.42 Crore,"Bahria Town, Islamabad, Islamabad Capital"
5 Marla,4,3,PKR2.38 Crore,"Bahria Town, Islamabad, Islamabad Capital"
10 Marla,5,5,PKR4.25 Crore,"Bahria Town, Islamabad, Islamabad Capital"
5 Marla,3,3,PKR2.2 Crore,"Bahria Town, Islamabad, Islamabad Capital"
8 Marla,5,4,PKR4.5 Crore,"Bahria Town, Islamabad, Islamabad Capital"
2.8 Marla,1,-,PKR65 Lakh,"Bahria Town, Islamabad, Islamabad Capital"
1.8 Marla,1,-,PKR45 Lakh,"Bahria Town, Islamabad, Islamabad Capital"
1 Kanal,7,6,PKR9.5 Crore,"Bahria Town, Islamabad, Islamabad Capital"
2.9 Marla,1,-,PKR79 Lakh,"Bahria Town, Islamabad, Islamabad Capital"
5 Marla,3,3,PKR1.6 Crore,"Bahria Town, Islamabad, Islamabad Capital"
10 Marla,6,5,PKR5.2 Crore,"Bahria Town, Islamabad, Islamabad Capital"
5 Marla,4,3,PKR2.35 Crore,"Bahria Town, Islamabad, Islamabad Capital"
5 Marla,4,3,PKR2.85 Crore,"Bahria Town, Islamabad, Islamabad Capital"
8 Marla,5,5,PKR3.2 Crore,"Bahria Town, Islamabad, Islamabad Capital"
7 Marla,2,2,PKR1.7 Crore,"Bahria Town, Islamabad, Islamabad Capital"
10 Marla,4,4,PKR5.25 Crore,"Bahria Town, Islamabad, Islamabad Capital"
5 Marla,3,3,PKR2.4 Crore,"Bahria Town, Islamabad, Islamabad Capital"
10 Marla,4,4,PKR5.4 Crore,"Bahria Town, Islamabad, Islamabad Capital"
5 Marla,3,3,PKR2.4 Crore,"Bahria Town, Islamabad, Islamabad Capital"
4.7 Marla,1,1,PKR1.25 Crore,"Bahria Town, Islamabad, Islamabad Capital"
5 Marla,4,4,PKR1.55 Crore,"Bahria Town, Islamabad, Islamabad Capital"
1.7 Marla,1,1,PKR50 Lakh,"Bahria Town, Islamabad, Islamabad Capital"
10 Marla,5,5,PKR4.5 Crore,"Bahria Town, Islamabad, Islamabad Capital"
7 Marla,3,3,PKR2.4 Crore,"Bahria Town, Islamabad, Islamabad Capital"
8 Marla,5,5,PKR3.9 Crore,"Bahria Town, Islamabad, Islamabad Capital"
10 Marla,6,5,PKR4.5 Crore,"Bahria Town, Islamabad, Islamabad Capital"
5 Marla,3,3,PKR2.35 Crore,"Bahria Town, Islamabad, Islamabad Capital"
10 Marla,5,5,PKR5.7 Crore,"Bahria Town, Islamabad, Islamabad Capital"
10 Marla,6,5,PKR4.8 Crore,"Bahria Town, Islamabad, Islamabad Capital"
5.1 Marla,2,1,PKR1.04 Crore,"Bahria Town, Islamabad, Islamabad Capital"
5 Marla,3,3,PKR1.89 Crore,"Bahria Town, Islamabad, Islamabad Capital"
8 Marla,5,5,PKR3.25 Crore,"Bahria Town, Islamabad, Islamabad Capital"
5 Marla,4,3,PKR2.4 Crore,"Bahria Town, Islamabad, Islamabad Capital"
4 Kanal,7,9,PKR16.5 Crore,"Bahria Town, Islamabad, Islamabad Capital"
5 Marla,3,3,PKR1.9 Crore,"Bahria Town, Islamabad, Islamabad Capital"
5 Marla,3,3,PKR2.4 Crore,"Bahria Town, Islamabad, Islamabad Capital"
10 Marla,5,5,PKR4.5 Crore,"Bahria Town, Islamabad, Islamabad Capital"
5 Marla,4,3,PKR3.15 Crore,"Bahria Town, Islamabad, Islamabad Capital"
10 Marla,6,5,PKR5.35 Crore,"Bahria Town, Islamabad, Islamabad Capital"
10 Marla,6,5,PKR4.65 Crore,"Bahria Town, Islamabad, Islamabad Capital"
7 Marla,3,2,PKR1.63 Crore,"Bahria Town, Islamabad, Islamabad Capital"
2 Marla,1,1,PKR59 Lakh,"Bahria Town, Islamabad, Islamabad Capital"
10 Marla,6,5,PKR5.25 Crore,"Bahria Town, Islamabad, Islamabad Capital"
8 Marla,4,5,PKR3.2 Crore,"Bahria Town, Islamabad, Islamabad Capital"
10 Marla,6,5,PKR4.6 Crore,"Bahria Town, Islamabad, Islamabad Capital"
5 Marla,3,3,PKR2.55 Crore,"Bahria Town, Islamabad, Islamabad Capital"
6.4 Marla,3,2,PKR1.49 Crore,"Bahria Town, Islamabad, Islamabad Capital"
12 Marla,6,5,PKR6 Crore,"Bahria Town, Islamabad, Islamabad Capital"
5 Marla,4,3,PKR2.4 Crore,"Bahria Town, Islamabad, Islamabad Capital"
1.7 Kanal,6,6,PKR10.95 Crore,"Bahria Town, Islamabad, Islamabad Capital"
1 Kanal,6,5,PKR12.5 Crore,"Bahria Town, Islamabad, Islamabad Capital"
10 Marla,5,5,PKR6.3 Crore,"Bahria Town, Islamabad, Islamabad Capital"
1 Kanal,6,5,PKR11 Crore,"Bahria Town, Islamabad, Islamabad Capital"
7.5 Marla,3,3,PKR1.3 Crore,"Bahria Town, Islamabad, Islamabad Capital"
7.5 Marla,3,3,PKR1.3 Crore,"Bahria Town, Islamabad, Islamabad Capital"
2.3 Marla,1,1,PKR65 Lakh,"Bahria Town, Islamabad, Islamabad Capital"
5 Marla,4,3,PKR2.52 Crore,"Bahria Town, Islamabad, Islamabad Capital"
8 Marla,6,5,PKR3.5 Crore,"Bahria Town, Islamabad, Islamabad Capital"
10 Marla,6,5,PKR4.6 Crore,"Bahria Town, Islamabad, Islamabad Capital"
10 Marla,6,5,PKR3.9 Crore,"Bahria Town, Islamabad, Islamabad Capital"
3.1 Marla,1,-,PKR64.5 Lakh,"Bahria Town, Islamabad, Islamabad Capital"
5 Marla,4,3,PKR2.4 Crore,"Bahria Town, Islamabad, Islamabad Capital"
2.4 Marla,1,1,PKR22 Lakh,"Bahria Town, Islamabad, Islamabad Capital"
5 Marla,4,3,PKR2.35 Crore,"Bahria Town, Islamabad, Islamabad Capital"
10 Marla,5,5,PKR4.8 Crore,"Bahria Town, Islamabad, Islamabad Capital"
10 Marla,6,5,PKR4.75 Crore,"Bahria Town, Islamabad, Islamabad Capital"
11 Marla,5,5,PKR5.8 Crore,"Bahria Town, Islamabad, Islamabad Capital"
9 Marla,5,5,PKR3.75 Crore,"Bahria Town, Islamabad, Islamabad Capital"
2 Marla,1,1,PKR45 Lakh,"Bahria Town, Islamabad, Islamabad Capital"
8 Marla,6,5,PKR3.5 Crore,"Bahria Town, Islamabad, Islamabad Capital"
2.8 Marla,1,-,PKR65 Lakh,"Bahria Town, Islamabad, Islamabad Capital"
10 Marla,6,5,PKR5.65 Crore,"Bahria Town, Islamabad, Islamabad Capital"
2 Kanal,6,5,PKR15.85 Crore,"Bahria Town, Islamabad, Islamabad Capital"
8 Marla,-,-,PKR3.3 Crore,"Bahria Town, Islamabad, Islamabad Capital"
5 Marla,3,3,PKR2.2 Crore,"Bahria Town, Islamabad, Islamabad Capital"
1.6 Kanal,5,5,PKR12.5 Crore,"Bahria Town, Islamabad, Islamabad Capital"
5 Marla,4,3,PKR2.45 Crore,"Bahria Town, Islamabad, Islamabad Capital"
2.5 Marla,1,1,PKR55 Lakh,"Bahria Town, Islamabad, Islamabad Capital"
10 Marla,6,5,PKR5.5 Crore,"Bahria Town, Islamabad, Islamabad Capital"
2.8 Marla,1,1,PKR62 Lakh,"Bahria Town, Islamabad, Islamabad Capital"
9 Marla,5,5,PKR4.1 Crore,"Bahria Town, Islamabad, Islamabad Capital"
10 Marla,6,5,PKR6 Crore,"Bahria Town, Islamabad, Islamabad Capital"
9 Marla,6,5,PKR4.1 Crore,"Bahria Town, Islamabad, Islamabad Capital"
10.9 Marla,4,3,PKR1.88 Crore,"Bahria Town, Islamabad, Islamabad Capital"
5 Marla,4,3,PKR1.95 Crore,"Bahria Town, Islamabad, Islamabad Capital"
1.2 Kanal,-,-,PKR22 Crore,"Bahria Town, Islamabad, Islamabad Capital"
8 Marla,6,5,PKR3.25 Crore,"Bahria Town, Islamabad, Islamabad Capital"
2 Marla,1,1,PKR49 Lakh,"Bahria Town, Islamabad, Islamabad Capital"
10 Marla,7,6,PKR5.5 Crore,"Bahria Town, Islamabad, Islamabad Capital"
10 Marla,6,5,PKR5.75 Crore,"Bahria Town, Islamabad, Islamabad Capital"
1 Kanal,6,6,PKR8.5 Crore,"Bahria Town, Islamabad, Islamabad Capital"
10 Marla,6,5,PKR5.5 Crore,"Bahria Town, Islamabad, Islamabad Capital"
10 Marla,6,5,PKR4.8 Crore,"Bahria Town, Islamabad, Islamabad Capital"
8 Marla,5,5,PKR3.5 Crore,"Bahria Town, Islamabad, Islamabad Capital"
10 Marla,6,5,PKR4.6 Crore,"Bahria Town, Islamabad, Islamabad Capital"
10 Marla,6,5,PKR3.9 Crore,"Bahria Town, Islamabad, Islamabad Capital"
10 Marla,5,5,PKR5.1 Crore,"Bahria Town, Islamabad, Islamabad Capital"
10 Marla,6,5,PKR5.9 Crore,"Bahria Town, Islamabad, Islamabad Capital"
10 Marla,6,5,PKR6.25 Crore,"Bahria Town, Islamabad, Islamabad Capital"
5 Marla,4,3,PKR2.9 Crore,"Bahria Town, Islamabad, Islamabad Capital"
1.4 Kanal,6,5,PKR18 Crore,"Bahria Town, Islamabad, Islamabad Capital"
3.3 Kanal,-,6,PKR21.5 Crore,"Bahria Town, Islamabad, Islamabad Capital"
4.7 Marla,2,2,PKR1.07 Crore,"Bahria Town, Islamabad, Islamabad Capital"
5 Marla,4,3,PKR2.85 Crore,"Bahria Town, Islamabad, Islamabad Capital"
10 Marla,5,5,PKR5.25 Crore,"Bahria Town, Islamabad, Islamabad Capital"
2.5 Marla,1,1,PKR55 Lakh,"Bahria Town, Islamabad, Islamabad Capital"
5 Marla,3,3,PKR2.58 Crore,"Bahria Town, Islamabad, Islamabad Capital"
2.8 Marla,1,1,PKR80 Lakh,"Bahria Town, Islamabad, Islamabad Capital"
6.1 Marla,2,2,PKR1.19 Crore,"Bahria Town, Islamabad, Islamabad Capital"
2 Kanal,-,6,PKR15 Crore,"Bahria Town, Islamabad, Islamabad Capital"
2.3 Kanal,6,5,PKR16 Crore,"Bahria Town, Islamabad, Islamabad Capital"
7.5 Marla,3,3,PKR1.35 Crore,"Bahria Town, Islamabad, Islamabad Capital"
2.4 Marla,1,-,PKR75 Lakh,"Bahria Town, Islamabad, Islamabad Capital"
10 Marla,6,5,PKR5.6 Crore,"Bahria Town, Islamabad, Islamabad Capital"
5 Marla,4,3,PKR2.47 Crore,"Bahria Town, Islamabad, Islamabad Capital"
6.4 Marla,3,2,PKR99 Lakh,"Bahria Town, Islamabad, Islamabad Capital"
5 Marla,3,3,PKR3.1 Crore,"Bahria Town, Islamabad, Islamabad Capital"
10 Marla,6,5,PKR3.9 Crore,"Bahria Town, Islamabad, Islamabad Capital"
2.9 Marla,1,1,PKR65 Lakh,"Bahria Town, Islamabad, Islamabad Capital"
10 Marla,5,5,PKR5.4 Crore,"Bahria Town, Islamabad, Islamabad Capital"
5 Marla,4,3,PKR2.6 Crore,"Bahria Town, Islamabad, Islamabad Capital"
5 Marla,4,3,PKR3.1 Crore,"Bahria Town, Islamabad, Islamabad Capital"
5 Marla,5,3,PKR2.35 Crore,"Bahria Town, Islamabad, Islamabad Capital"
10 Marla,5,5,PKR4.35 Crore,"Bahria Town, Islamabad, Islamabad Capital"
8 Marla,6,5,PKR3.6 Crore,"Bahria Town, Islamabad, Islamabad Capital"
10 Marla,5,5,PKR5.4 Crore,"Bahria Town, Islamabad, Islamabad Capital"
1.8 Marla,1,-,PKR53 Lakh,"Bahria Town, Islamabad, Islamabad Capital"
5 Marla,3,3,PKR2.3 Crore,"Bahria Town, Islamabad, Islamabad Capital"
7.5 Marla,5,4,PKR3.85 Crore,"Bahria Town, Islamabad, Islamabad Capital"
7.1 Marla,3,2,PKR1.85 Crore,"Bahria Town, Islamabad, Islamabad Capital"
5.6 Marla,3,3,PKR3.1 Crore,"Bahria Town, Islamabad, Islamabad Capital"
12 Marla,5,5,PKR6 Crore,"Bahria Town, Islamabad, Islamabad Capital"
7.6 Marla,3,3,PKR1.36 Crore,"Bahria Town, Islamabad, Islamabad Capital"
2.4 Marla,1,1,PKR50 Lakh,"Bahria Town, Islamabad, Islamabad Capital"
10 Marla,7,5,PKR6.3 Crore,"Bahria Town, Islamabad, Islamabad Capital"
16 Marla,4,3,PKR10 Crore,"Bahria Town, Islamabad, Islamabad Capital"
5 Marla,3,3,PKR2.4 Crore,"Bahria Town, Islamabad, Islamabad Capital"
2.8 Marla,1,-,PKR75 Lakh,"Bahria Town, Islamabad, Islamabad Capital"
5 Marla,4,3,PKR2.7 Crore,"Bahria Town, Islamabad, Islamabad Capital"
5.6 Marla,2,2,PKR1.45 Crore,"Bahria Town, Islamabad, Islamabad Capital"
4.9 Marla,2,1,PKR1.15 Crore,"Bahria Town, Islamabad, Islamabad Capital"
5 Marla,4,3,PKR2.5 Crore,"Bahria Town, Islamabad, Islamabad Capital"
4.9 Marla,2,1,PKR1.15 Crore,"Bahria Town, Islamabad, Islamabad Capital"
9 Marla,6,5,PKR4.25 Crore,"Bahria Town, Islamabad, Islamabad Capital"
4.9 Marla,2,-,PKR1.26 Crore,"Bahria Town, Islamabad, Islamabad Capital"
10 Marla,5,5,PKR5.35 Crore,"Bahria Town, Islamabad, Islamabad Capital"
10 Marla,6,5,PKR4.3 Crore,"Bahria Town, Islamabad, Islamabad Capital"
4.9 Marla,2,1,PKR1.05 Crore,"Bahria Town, Islamabad, Islamabad Capital"
5 Marla,4,3,PKR3.1 Crore,"Bahria Town, Islamabad, Islamabad Capital"
5 Marla,4,3,PKR2.5 Crore,"Bahria Town, Islamabad, Islamabad Capital"
10 Marla,6,5,PKR4.8 Crore,"Bahria Town, Islamabad, Islamabad Capital"
10 Marla,6,4,PKR5.5 Crore,"Bahria Town, Islamabad, Islamabad Capital"
1 Kanal,-,8,PKR17 Crore,"E-11, Islamabad, Islamabad Capital"
1 Kanal,6,6,PKR15.5 Crore,"F-11, Islamabad, Islamabad Capital"
16 Marla,7,6,PKR9.25 Crore,"E-11, Islamabad, Islamabad Capital"
6 Marla,4,4,PKR5 Crore,"E-11, Islamabad, Islamabad Capital"
10.9 Marla,7,9,PKR9.75 Crore,"E-11, Islamabad, Islamabad Capital"
10 Marla,6,6,PKR5.75 Crore,"E-11, Islamabad, Islamabad Capital"
1.3 Kanal,6,6,PKR31 Crore,"F-8, Islamabad, Islamabad Capital"
2.1 Kanal,6,5,PKR50 Crore,"F-7, Islamabad, Islamabad Capital"
2.5 Kanal,6,6,PKR50 Crore,"F-8, Islamabad, Islamabad Capital"
1 Kanal,5,4,PKR27 Crore,"F-7, Islamabad, Islamabad Capital"
2.1 Kanal,6,5,PKR42 Crore,"F-8, Islamabad, Islamabad Capital"
1 Kanal,5,4,PKR24 Crore,"F-8, Islamabad, Islamabad Capital"
10 Marla,4,4,PKR10 Crore,"F-11, Islamabad, Islamabad Capital"
2.1 Kanal,-,-,PKR45 Crore,"F-7, Islamabad, Islamabad Capital"
1.2 Kanal,-,-,PKR20 Crore,"F-10, Islamabad, Islamabad Capital"
3 Marla,3,3,PKR4.25 Crore,"F-10, Islamabad, Islamabad Capital"
1.1 Kanal,5,5,PKR25 Crore,"F-7, Islamabad, Islamabad Capital"
2.2 Kanal,6,10,PKR33.5 Crore,"F-10, Islamabad, Islamabad Capital"
1 Kanal,6,8,PKR14 Crore,"E-11, Islamabad, Islamabad Capital"
1.3 Kanal,7,6,PKR35.5 Crore,"F-7, Islamabad, Islamabad Capital"
2 Kanal,7,7,PKR40 Crore,"F-11, Islamabad, Islamabad Capital"
8 Marla,6,5,PKR5.3 Crore,"E-11, Islamabad, Islamabad Capital"
2 Kanal,7,8,PKR35 Crore,"F-10, Islamabad, Islamabad Capital"
2 Kanal,7,9,PKR45 Crore,"F-8, Islamabad, Islamabad Capital"
1.2 Kanal,6,6,PKR33 Crore,"F-8, Islamabad, Islamabad Capital"
1 Kanal,5,4,PKR15.5 Crore,"E-11, Islamabad, Islamabad Capital"
9 Marla,6,4,PKR7 Crore,"E-11, Islamabad, Islamabad Capital"
10 Marla,5,4,PKR8 Crore,"E-11, Islamabad, Islamabad Capital"
1 Kanal,6,6,PKR22 Crore,"F-10, Islamabad, Islamabad Capital"
1.3 Kanal,6,6,PKR30 Crore,"F-8, Islamabad, Islamabad Capital"
1.3 Kanal,6,6,PKR35 Crore,"F-7, Islamabad, Islamabad Capital"
2 Kanal,6,5,PKR32 Crore,"F-10, Islamabad, Islamabad Capital"
8 Marla,5,5,PKR7.9 Crore,"E-11, Islamabad, Islamabad Capital"
3 Marla,2,2,PKR4.2 Crore,"F-10, Islamabad, Islamabad Capital"
1 Kanal,7,9,PKR32 Crore,"F-11, Islamabad, Islamabad Capital"
1.3 Kanal,6,6,PKR24 Crore,"F-10, Islamabad, Islamabad Capital"
1.6 Kanal,5,5,PKR30 Crore,"F-10, Islamabad, Islamabad Capital"
4.8 Kanal,5,5,PKR1.75 Arab,"F-6, Islamabad, Islamabad Capital"
2 Kanal,-,-,PKR65 Crore,"F-7, Islamabad, Islamabad Capital"
1 Kanal,-,-,PKR16 Crore,"F-10, Islamabad, Islamabad Capital"
2.5 Kanal,5,5,PKR70 Crore,"F-7, Islamabad, Islamabad Capital"
1 Kanal,6,6,PKR13 Crore,"E-11, Islamabad, Islamabad Capital"
10 Marla,5,4,PKR10 Crore,"F-11, Islamabad, Islamabad Capital"
1 Kanal,6,5,PKR24.5 Crore,"F-10, Islamabad, Islamabad Capital"
2 Kanal,6,6,PKR45 Crore,"F-7, Islamabad, Islamabad Capital"
1.1 Kanal,6,5,PKR27 Crore,"F-7, Islamabad, Islamabad Capital"
1 Kanal,6,5,PKR25 Crore,"F-8, Islamabad, Islamabad Capital"
1.1 Kanal,6,6,PKR36 Crore,"F-6, Islamabad, Islamabad Capital"
1 Kanal,-,-,PKR16.5 Crore,"E-11, Islamabad, Islamabad Capital"
2 Kanal,-,-,PKR36 Crore,"F-10, Islamabad, Islamabad Capital"
8 Marla,6,6,PKR7.5 Crore,"E-11, Islamabad, Islamabad Capital"
1 Kanal,6,9,PKR15 Crore,"E-11, Islamabad, Islamabad Capital"
1 Kanal,6,6,PKR16 Crore,"F-11, Islamabad, Islamabad Capital"
10 Marla,6,6,PKR7 Crore,"E-11, Islamabad, Islamabad Capital"
1 Kanal,6,7,PKR16 Crore,"F-10, Islamabad, Islamabad Capital"
1 Kanal,6,8,PKR22 Crore,"F-11, Islamabad, Islamabad Capital"
10.9 Marla,6,8,PKR8.5 Crore,"E-11, Islamabad, Islamabad Capital"
1.1 Kanal,4,4,PKR24 Crore,"F-8, Islamabad, Islamabad Capital"
16 Marla,7,7,PKR14 Crore,"F-11, Islamabad, Islamabad Capital"
10 Marla,3,4,PKR14.5 Crore,"F-6, Islamabad, Islamabad Capital"
1.6 Kanal,5,4,PKR33 Crore,"F-6, Islamabad, Islamabad Capital"
1 Kanal,-,6,PKR38 Crore,"F-8, Islamabad, Islamabad Capital"
1 Kanal,6,4,PKR25.75 Crore,"F-8, Islamabad, Islamabad Capital"
1.9 Kanal,-,-,PKR42 Crore,"F-6, Islamabad, Islamabad Capital"
4.8 Kanal,6,10,PKR1.3 Arab,"F-6, Islamabad, Islamabad Capital"
2 Kanal,6,9,PKR90 Crore,"F-6, Islamabad, Islamabad Capital"
2.3 Kanal,6,6,PKR58 Crore,"F-6, Islamabad, Islamabad Capital"
17.8 Marla,6,5,PKR23.5 Crore,"F-6, Islamabad, Islamabad Capital"
1 Kanal,6,5,PKR28.5 Crore,"F-7, Islamabad, Islamabad Capital"
1 Kanal,6,5,PKR25 Crore,"F-8, Islamabad, Islamabad Capital"
1 Kanal,-,-,PKR17 Crore,"F-10, Islamabad, Islamabad Capital"
1.3 Kanal,-,8,PKR32 Crore,"F-11, Islamabad, Islamabad Capital"
16 Marla,6,7,PKR9 Crore,"E-11, Islamabad, Islamabad Capital"
4 Kanal,6,6,PKR90 Crore,"F-7, Islamabad, Islamabad Capital"
1.2 Kanal,6,7,PKR18 Crore,"F-10, Islamabad, Islamabad Capital"
1 Kanal,6,9,PKR17 Crore,"F-10, Islamabad, Islamabad Capital"
2 Kanal,6,8,PKR32 Crore,"F-10, Islamabad, Islamabad Capital"
1.3 Kanal,6,6,PKR25 Crore,"F-7, Islamabad, Islamabad Capital"
1.2 Kanal,6,8,PKR22.5 Crore,"F-10, Islamabad, Islamabad Capital"
1 Kanal,6,8,PKR19.5 Crore,"F-11, Islamabad, Islamabad Capital"
1 Kanal,6,7,PKR17.5 Crore,"F-10, Islamabad, Islamabad Capital"
2.1 Kanal,6,6,PKR50 Crore,"F-7, Islamabad, Islamabad Capital"
1.6 Kanal,6,5,PKR35 Crore,"F-8, Islamabad, Islamabad Capital"
10 Marla,4,3,PKR15 Crore,"F-6, Islamabad, Islamabad Capital"
1.3 Kanal,6,6,PKR29 Crore,"F-7, Islamabad, Islamabad Capital"
4 Kanal,6,10,PKR65 Crore,"F-8, Islamabad, Islamabad Capital"
1.1 Kanal,6,5,PKR25 Crore,"F-8, Islamabad, Islamabad Capital"
1 Kanal,6,5,PKR16.5 Crore,"F-10, Islamabad, Islamabad Capital"
3.3 Kanal,6,5,PKR1.15 Arab,"F-6, Islamabad, Islamabad Capital"
1 Kanal,6,7,PKR31 Crore,"F-8, Islamabad, Islamabad Capital"
1.3 Kanal,6,7,PKR22 Crore,"F-11, Islamabad, Islamabad Capital"
1.1 Kanal,6,7,PKR22 Crore,"F-11, Islamabad, Islamabad Capital"
16 Marla,-,9,PKR9.8 Crore,"E-11, Islamabad, Islamabad Capital"
2 Kanal,6,6,PKR34 Crore,"F-10, Islamabad, Islamabad Capital"
10.9 Marla,6,5,PKR9.5 Crore,"F-11, Islamabad, Islamabad Capital"
2 Kanal,-,7,PKR35 Crore,"F-10, Islamabad, Islamabad Capital"
1.3 Kanal,6,5,PKR34.5 Crore,"F-6, Islamabad, Islamabad Capital"
16 Marla,6,5,PKR19.9 Crore,"F-6, Islamabad, Islamabad Capital"
2 Kanal,6,5,PKR45 Crore,"F-7, Islamabad, Islamabad Capital"
1.3 Kanal,5,5,PKR27 Crore,"F-7, Islamabad, Islamabad Capital"
1.3 Kanal,5,5,PKR27.25 Crore,"F-8, Islamabad, Islamabad Capital"
4 Kanal,7,11,PKR1.35 Arab,"F-7, Islamabad, Islamabad Capital"
1 Kanal,7,9,PKR40 Crore,"F-7, Islamabad, Islamabad Capital"
4 Kanal,7,11,PKR1 Arab,"F-7, Islamabad, Islamabad Capital"
9.3 Marla,7,7,PKR9.7 Crore,"F-11, Islamabad, Islamabad Capital"
1 Kanal,7,7,PKR32 Crore,"F-11, Islamabad, Islamabad Capital"
1 Kanal,6,6,PKR19.5 Crore,"F-11, Islamabad, Islamabad Capital"
1.1 Kanal,5,5,PKR32 Crore,"F-8, Islamabad, Islamabad Capital"
2.1 Kanal,6,6,PKR50 Crore,"F-6, Islamabad, Islamabad Capital"
1 Kanal,7,7,PKR27.5 Crore,"F-8, Islamabad, Islamabad Capital"
11 Marla,6,6,PKR8.25 Crore,"E-11, Islamabad, Islamabad Capital"
1 Kanal,-,8,PKR14 Crore,"E-11, Islamabad, Islamabad Capital"
8 Marla,5,5,PKR7.4 Crore,"E-11, Islamabad, Islamabad Capital"
1.3 Kanal,6,5,PKR32 Crore,"F-8, Islamabad, Islamabad Capital"
5 Kanal,-,-,PKR2.5 Arab,"F-6, Islamabad, Islamabad Capital"
2.1 Kanal,6,6,PKR35.5 Crore,"F-10, Islamabad, Islamabad Capital"
6 Marla,-,7,PKR5.15 Crore,"E-11, Islamabad, Islamabad Capital"
2 Kanal,6,9,PKR65 Crore,"F-6, Islamabad, Islamabad Capital"
1.3 Kanal,5,5,PKR27.25 Crore,"F-8, Islamabad, Islamabad Capital"
1 Kanal,5,4,PKR23 Crore,"F-8, Islamabad, Islamabad Capital"
2 Kanal,6,7,PKR30 Crore,"F-10, Islamabad, Islamabad Capital"
1 Kanal,5,5,PKR18 Crore,"F-10, Islamabad, Islamabad Capital"
1.3 Kanal,6,6,PKR26 Crore,"F-8, Islamabad, Islamabad Capital"
1 Kanal,5,5,PKR22.5 Crore,"F-8, Islamabad, Islamabad Capital"
4 Kanal,6,8,PKR65 Crore,"F-8, Islamabad, Islamabad Capital"
1 Kanal,7,5,PKR28 Crore,"F-10, Islamabad, Islamabad Capital"
2 Kanal,7,7,PKR45 Crore,"F-10, Islamabad, Islamabad Capital"
2.1 Kanal,6,6,PKR1.15 Arab,"F-7, Islamabad, Islamabad Capital"
1.3 Kanal,7,6,PKR24 Crore,"F-11, Islamabad, Islamabad Capital"
4 Kanal,6,8,PKR1.75 Arab,"F-8, Islamabad, Islamabad Capital"
1 Kanal,7,9,PKR32 Crore,"F-11, Islamabad, Islamabad Capital"
2 Kanal,7,6,PKR40 Crore,"F-11, Islamabad, Islamabad Capital"
1.8 Kanal,6,6,PKR38 Crore,"F-11, Islamabad, Islamabad Capital"
6 Marla,6,5,PKR5.65 Crore,"E-11, Islamabad, Islamabad Capital"
2 Kanal,6,6,PKR50 Crore,"F-7, Islamabad, Islamabad Capital"
10 Marla,5,5,PKR6.5 Crore,"E-11, Islamabad, Islamabad Capital"
16 Marla,-,6,PKR9.75 Crore,"E-11, Islamabad, Islamabad Capital"
1.3 Kanal,6,6,PKR22 Crore,"F-11, Islamabad, Islamabad Capital"
4 Kanal,6,5,PKR1.25 Arab,"F-6, Islamabad, Islamabad Capital"
2.5 Kanal,5,5,PKR80 Crore,"F-7, Islamabad, Islamabad Capital"
4.8 Kanal,7,11,PKR1.3 Arab,"F-6, Islamabad, Islamabad Capital"
2 Kanal,6,6,PKR42 Crore,"F-8, Islamabad, Islamabad Capital"
18 Marla,4,4,PKR15.1 Crore,"F-11, Islamabad, Islamabad Capital"
1.3 Kanal,6,6,PKR21 Crore,"F-11, Islamabad, Islamabad Capital"
2 Kanal,-,10,PKR30 Crore,"F-8, Islamabad, Islamabad Capital"
3.6 Kanal,-,8,PKR60 Crore,"F-8, Islamabad, Islamabad Capital"
1 Kanal,-,9,PKR40 Crore,"F-8, Islamabad, Islamabad Capital"
4 Kanal,-,10,PKR80 Crore,"F-7, Islamabad, Islamabad Capital"
1.3 Kanal,6,6,PKR48 Crore,"F-7, Islamabad, Islamabad Capital"
1.3 Kanal,7,6,PKR45 Crore,"F-7, Islamabad, Islamabad Capital"
1.3 Kanal,7,6,PKR60 Crore,"F-7, Islamabad, Islamabad Capital"
2 Kanal,7,6,PKR35 Crore,"F-10, Islamabad, Islamabad Capital"
1.9 Kanal,-,-,PKR31 Crore,"F-6, Islamabad, Islamabad Capital"
2 Kanal,-,7,PKR32.5 Crore,"F-10, Islamabad, Islamabad Capital"
1.1 Kanal,-,5,PKR32 Crore,"F-6, Islamabad, Islamabad Capital"
3.6 Kanal,7,7,PKR75 Crore,"F-8, Islamabad, Islamabad Capital"
1.3 Kanal,5,5,PKR15 Crore,"F-11, Islamabad, Islamabad Capital"
1 Kanal,6,6,PKR16 Crore,"F-11, Islamabad, Islamabad Capital"
1.3 Kanal,6,5,PKR38 Crore,"F-7, Islamabad, Islamabad Capital"
1.3 Kanal,5,4,PKR37 Crore,"F-7, Islamabad, Islamabad Capital"
2 Kanal,-,-,PKR35 Crore,"F-11, Islamabad, Islamabad Capital"
1.3 Kanal,-,10,PKR50 Crore,"F-7, Islamabad, Islamabad Capital"
1.3 Kanal,6,5,PKR32 Crore,"F-8, Islamabad, Islamabad Capital"
1 Kanal,-,4,PKR24.5 Crore,"F-6, Islamabad, Islamabad Capital"
4 Kanal,6,5,PKR70 Crore,"F-8, Islamabad, Islamabad Capital"
4 Kanal,6,5,PKR1.2 Arab,"F-6, Islamabad, Islamabad Capital"
1 Kanal,6,8,PKR14 Crore,"E-11, Islamabad, Islamabad Capital"
2.2 Kanal,6,8,PKR37 Crore,"F-10, Islamabad, Islamabad Capital"
1.3 Kanal,5,5,PKR26 Crore,"F-7, Islamabad, Islamabad Capital"
2 Kanal,6,6,PKR45 Crore,"F-7, Islamabad, Islamabad Capital"
5 Kanal,-,10,PKR1.3 Arab,"F-6, Islamabad, Islamabad Capital"
2 Kanal,-,9,PKR80 Crore,"F-6, Islamabad, Islamabad Capital"
2 Kanal,-,-,PKR45 Crore,"F-10, Islamabad, Islamabad Capital"
1.1 Kanal,6,6,PKR55 Crore,"F-7, Islamabad, Islamabad Capital"
4 Kanal,-,8,PKR4 Arab,"F-7, Islamabad, Islamabad Capital"
17.8 Marla,6,6,PKR45 Crore,"F-8, Islamabad, Islamabad Capital"
8.7 Marla,4,3,PKR8.35 Crore,"F-10, Islamabad, Islamabad Capital"
17.8 Marla,5,5,PKR23 Crore,"F-6, Islamabad, Islamabad Capital"
3.2 Kanal,5,4,PKR75 Crore,"F-6, Islamabad, Islamabad Capital"
2.3 Kanal,6,5,PKR55 Crore,"F-7, Islamabad, Islamabad Capital"
4 Kanal,-,4,PKR1 Arab,"F-7, Islamabad, Islamabad Capital"
1.3 Kanal,-,5,PKR38 Crore,"F-7, Islamabad, Islamabad Capital"
1 Kanal,7,7,PKR17 Crore,"E-11, Islamabad, Islamabad Capital"
1.3 Kanal,7,6,PKR48 Crore,"F-7, Islamabad, Islamabad Capital"
1.6 Kanal,7,6,PKR35 Crore,"F-10, Islamabad, Islamabad Capital"
1.1 Kanal,5,5,PKR22.75 Crore,"F-6, Islamabad, Islamabad Capital"
1.1 Kanal,7,8,PKR32 Crore,"F-7, Islamabad, Islamabad Capital"
2.1 Kanal,6,6,PKR45 Crore,"F-6, Islamabad, Islamabad Capital"
10 Marla,6,6,PKR8.9 Crore,"E-11, Islamabad, Islamabad Capital"
10 Marla,5,5,PKR9.5 Crore,"E-11, Islamabad, Islamabad Capital"
10 Marla,6,6,PKR8 Crore,"E-11, Islamabad, Islamabad Capital"
17.8 Marla,4,4,PKR15.5 Crore,"F-11, Islamabad, Islamabad Capital"
1.3 Kanal,6,6,PKR35 Crore,"F-7, Islamabad, Islamabad Capital"
2 Kanal,-,-,PKR50 Crore,"F-6, Islamabad, Islamabad Capital"
3.6 Kanal,-,-,PKR55 Crore,"F-8, Islamabad, Islamabad Capital"
2.5 Kanal,-,-,PKR50 Crore,"F-8, Islamabad, Islamabad Capital"
1.2 Kanal,6,5,PKR28 Crore,"F-8, Islamabad, Islamabad Capital"
4 Kanal,-,-,PKR1.1 Arab,"F-7, Islamabad, Islamabad Capital"
7 Marla,7,6,PKR5.5 Crore,"G-13, Islamabad, Islamabad Capital"
10 Marla,6,7,PKR7.5 Crore,"G-13, Islamabad, Islamabad Capital"
4 Marla,5,5,PKR3.45 Crore,"G-13, Islamabad, Islamabad Capital"
7 Marla,7,6,PKR7.1 Crore,"G-13, Islamabad, Islamabad Capital"
4 Marla,5,5,PKR4.1 Crore,"G-13, Islamabad, Islamabad Capital"
4 Marla,5,5,PKR3.27 Crore,"G-13, Islamabad, Islamabad Capital"
4 Marla,5,5,PKR3.15 Crore,"G-13, Islamabad, Islamabad Capital"
7 Marla,7,5,PKR6.5 Crore,"G-13, Islamabad, Islamabad Capital"
14.2 Marla,7,6,PKR11.6 Crore,"G-11, Islamabad, Islamabad Capital"
6 Marla,4,4,PKR5.4 Crore,"G-11, Islamabad, Islamabad Capital"
8 Marla,4,4,PKR6.5 Crore,"G-11, Islamabad, Islamabad Capital"
5.6 Marla,1,2,PKR3.5 Crore,"G-11, Islamabad, Islamabad Capital"
5.5 Marla,5,4,PKR4.5 Crore,"G-11, Islamabad, Islamabad Capital"
4 Marla,5,4,PKR3.7 Crore,"G-13, Islamabad, Islamabad Capital"
5 Marla,3,4,PKR4 Crore,"G-11, Islamabad, Islamabad Capital"
6.6 Marla,5,4,PKR5.8 Crore,"G-11, Islamabad, Islamabad Capital"
4 Marla,3,3,PKR3.6 Crore,"G-13, Islamabad, Islamabad Capital"
1 Kanal,6,6,PKR13.75 Crore,"G-11, Islamabad, Islamabad Capital"
4 Marla,4,4,PKR3.15 Crore,"G-13, Islamabad, Islamabad Capital"
5.6 Marla,4,4,PKR4.35 Crore,"G-11, Islamabad, Islamabad Capital"
8 Marla,5,5,PKR4.95 Crore,"G-11, Islamabad, Islamabad Capital"
4 Marla,4,4,PKR4.1 Crore,"G-13, Islamabad, Islamabad Capital"
10 Marla,7,6,PKR7.9 Crore,"G-13, Islamabad, Islamabad Capital"
1 Kanal,7,7,PKR16.5 Crore,"G-13, Islamabad, Islamabad Capital"
10 Marla,6,6,PKR8.9 Crore,"G-13, Islamabad, Islamabad Capital"
10.9 Marla,6,6,PKR6.5 Crore,"G-13, Islamabad, Islamabad Capital"
10.9 Marla,6,6,PKR7.5 Crore,"G-13, Islamabad, Islamabad Capital"
10 Marla,7,6,PKR9 Crore,"G-13, Islamabad, Islamabad Capital"
4 Marla,5,5,PKR3.2 Crore,"G-13, Islamabad, Islamabad Capital"
8 Marla,6,4,PKR6 Crore,"G-13, Islamabad, Islamabad Capital"
10 Marla,6,6,PKR8.5 Crore,"G-13, Islamabad, Islamabad Capital"
4 Marla,4,4,PKR3.28 Crore,"G-13, Islamabad, Islamabad Capital"
10 Marla,6,4,PKR7.5 Crore,"G-13, Islamabad, Islamabad Capital"
10 Marla,7,6,PKR8.85 Crore,"G-13, Islamabad, Islamabad Capital"
10 Marla,7,6,PKR8 Crore,"G-13, Islamabad, Islamabad Capital"
10 Marla,7,6,PKR8.9 Crore,"G-13, Islamabad, Islamabad Capital"
5 Marla,3,4,PKR4.6 Crore,"G-11, Islamabad, Islamabad Capital"
5 Marla,6,5,PKR5.75 Crore,"G-11, Islamabad, Islamabad Capital"
14 Marla,6,6,PKR9.5 Crore,"G-11, Islamabad, Islamabad Capital"
5 Marla,5,5,PKR5.75 Crore,"G-11, Islamabad, Islamabad Capital"
1 Kanal,7,7,PKR16 Crore,"G-13, Islamabad, Islamabad Capital"
10 Marla,6,5,PKR8.4 Crore,"G-13, Islamabad, Islamabad Capital"
10 Marla,6,6,PKR7.5 Crore,"G-13, Islamabad, Islamabad Capital"
1.3 Kanal,7,8,PKR18.5 Crore,"G-13, Islamabad, Islamabad Capital"
8 Marla,6,8,PKR6.2 Crore,"G-13, Islamabad, Islamabad Capital"
8 Marla,5,5,PKR7.1 Crore,"G-13, Islamabad, Islamabad Capital"
14 Marla,6,6,PKR10.5 Crore,"G-13, Islamabad, Islamabad Capital"
8 Marla,6,5,PKR5.6 Crore,"G-13, Islamabad, Islamabad Capital"
14 Marla,6,6,PKR10.7 Crore,"G-13, Islamabad, Islamabad Capital"
10 Marla,6,6,PKR8.1 Crore,"G-13, Islamabad, Islamabad Capital"
4 Marla,3,4,PKR3.1 Crore,"G-13, Islamabad, Islamabad Capital"
10 Marla,6,6,PKR8.7 Crore,"G-13, Islamabad, Islamabad Capital"
14 Marla,6,6,PKR11 Crore,"G-13, Islamabad, Islamabad Capital"
10 Marla,6,6,PKR8.5 Crore,"G-13, Islamabad, Islamabad Capital"
1 Kanal,-,10,PKR16.5 Crore,"G-13, Islamabad, Islamabad Capital"
4 Marla,5,4,PKR3.5 Crore,"G-13, Islamabad, Islamabad Capital"
4 Marla,4,4,PKR3.7 Crore,"G-13, Islamabad, Islamabad Capital"
8 Marla,6,5,PKR7.15 Crore,"G-13, Islamabad, Islamabad Capital"
5 Kanal,6,7,PKR35 Crore,"Gulberg, Islamabad, Islamabad Capital"
10 Marla,6,6,PKR8.5 Crore,"G-13, Islamabad, Islamabad Capital"
4.4 Marla,5,4,PKR3.25 Crore,"G-13, Islamabad, Islamabad Capital"
10.9 Marla,7,6,PKR8 Crore,"G-13, Islamabad, Islamabad Capital"
8 Marla,7,6,PKR5.25 Crore,"G-13, Islamabad, Islamabad Capital"
8 Marla,4,4,PKR6.5 Crore,"G-13, Islamabad, Islamabad Capital"
1 Kanal,-,-,PKR15.5 Crore,"G-13, Islamabad, Islamabad Capital"
7 Marla,6,6,PKR6.4 Crore,"G-13, Islamabad, Islamabad Capital"
1 Kanal,6,6,PKR16.5 Crore,"G-13, Islamabad, Islamabad Capital"
14 Marla,6,6,PKR11 Crore,"G-13, Islamabad, Islamabad Capital"
10 Marla,7,6,PKR8.5 Crore,"G-13, Islamabad, Islamabad Capital"
10 Marla,6,4,PKR10 Crore,"G-11, Islamabad, Islamabad Capital"
10 Marla,6,8,PKR7.25 Crore,"G-13, Islamabad, Islamabad Capital"
8 Marla,5,5,PKR8.6 Crore,"G-11, Islamabad, Islamabad Capital"
7 Marla,6,5,PKR7 Crore,"G-13, Islamabad, Islamabad Capital"
5 Kanal,6,9,PKR34 Crore,"Gulberg, Islamabad, Islamabad Capital"
10 Marla,6,6,PKR7.5 Crore,"G-13, Islamabad, Islamabad Capital"
8 Marla,2,2,PKR5.65 Crore,"G-13, Islamabad, Islamabad Capital"
8 Marla,4,4,PKR6 Crore,"G-13, Islamabad, Islamabad Capital"
10 Marla,7,6,PKR8.5 Crore,"G-13, Islamabad, Islamabad Capital"
8 Marla,6,6,PKR6.5 Crore,"G-13, Islamabad, Islamabad Capital"
10 Marla,6,6,PKR9.5 Crore,"G-13, Islamabad, Islamabad Capital"
4 Marla,5,4,PKR3.2 Crore,"G-13, Islamabad, Islamabad Capital"
10 Marla,6,6,PKR8.3 Crore,"G-13, Islamabad, Islamabad Capital"
7 Marla,6,5,PKR6.35 Crore,"G-13, Islamabad, Islamabad Capital"
7 Marla,5,5,PKR5.1 Crore,"G-13, Islamabad, Islamabad Capital"
3.6 Marla,3,4,PKR2.95 Crore,"G-11, Islamabad, Islamabad Capital"
4 Marla,5,4,PKR3.35 Crore,"G-13, Islamabad, Islamabad Capital"
4 Marla,5,4,PKR4.5 Crore,"G-13, Islamabad, Islamabad Capital"
4 Marla,5,4,PKR3.65 Crore,"G-13, Islamabad, Islamabad Capital"
10 Marla,5,4,PKR9 Crore,"G-13, Islamabad, Islamabad Capital"
7 Marla,6,5,PKR5.4 Crore,"G-13, Islamabad, Islamabad Capital"
1 Kanal,7,8,PKR13 Crore,"G-13, Islamabad, Islamabad Capital"
1 Kanal,7,7,PKR17 Crore,"G-13, Islamabad, Islamabad Capital"
8 Marla,5,5,PKR6.3 Crore,"G-11, Islamabad, Islamabad Capital"
7 Marla,6,6,PKR7 Crore,"G-13, Islamabad, Islamabad Capital"
10 Marla,5,5,PKR7.75 Crore,"G-13, Islamabad, Islamabad Capital"
1 Kanal,6,6,PKR17 Crore,"G-13, Islamabad, Islamabad Capital"
14 Marla,6,6,PKR11.85 Crore,"G-13, Islamabad, Islamabad Capital"
4 Marla,4,4,PKR4.9 Crore,"G-13, Islamabad, Islamabad Capital"
1 Kanal,6,6,PKR16.5 Crore,"G-13, Islamabad, Islamabad Capital"
5 Marla,6,5,PKR5.9 Crore,"G-11, Islamabad, Islamabad Capital"
7 Marla,6,5,PKR5.85 Crore,"G-13, Islamabad, Islamabad Capital"
1 Kanal,7,6,PKR15.5 Crore,"G-13, Islamabad, Islamabad Capital"
8 Marla,6,5,PKR6.65 Crore,"G-13, Islamabad, Islamabad Capital"
10.9 Marla,6,7,PKR8 Crore,"G-13, Islamabad, Islamabad Capital"
10.9 Marla,6,7,PKR8.25 Crore,"G-13, Islamabad, Islamabad Capital"
7 Marla,6,5,PKR7 Crore,"G-13, Islamabad, Islamabad Capital"
4 Marla,5,4,PKR3.15 Crore,"G-13, Islamabad, Islamabad Capital"
7 Marla,6,5,PKR5.4 Crore,"G-13, Islamabad, Islamabad Capital"
7 Marla,7,5,PKR7.1 Crore,"G-13, Islamabad, Islamabad Capital"
1 Kanal,7,7,PKR16 Crore,"G-13, Islamabad, Islamabad Capital"
14 Marla,6,6,PKR10.75 Crore,"G-13, Islamabad, Islamabad Capital"
8 Marla,4,4,PKR6.85 Crore,"G-11, Islamabad, Islamabad Capital"
4 Marla,4,4,PKR3.15 Crore,"G-13, Islamabad, Islamabad Capital"
14.2 Marla,6,6,PKR9 Crore,"G-13, Islamabad, Islamabad Capital"
4 Marla,3,3,PKR3.3 Crore,"G-13, Islamabad, Islamabad Capital"
8 Marla,6,5,PKR8.75 Crore,"G-11, Islamabad, Islamabad Capital"
14 Marla,6,7,PKR10.5 Crore,"G-13, Islamabad, Islamabad Capital"
4.4 Marla,5,4,PKR3.85 Crore,"G-13, Islamabad, Islamabad Capital"
4 Marla,5,4,PKR3.4 Crore,"G-13, Islamabad, Islamabad Capital"
8 Marla,-,-,PKR5.2 Crore,"G-13, Islamabad, Islamabad Capital"
10 Marla,6,6,PKR7.5 Crore,"G-13, Islamabad, Islamabad Capital"
1 Kanal,7,8,PKR16.7 Crore,"G-13, Islamabad, Islamabad Capital"
1 Kanal,7,7,PKR16.5 Crore,"G-13, Islamabad, Islamabad Capital"
14 Marla,-,7,PKR12.5 Crore,"G-13, Islamabad, Islamabad Capital"
14 Marla,7,5,PKR10.8 Crore,"G-13, Islamabad, Islamabad Capital"
8 Marla,5,4,PKR7.1 Crore,"G-13, Islamabad, Islamabad Capital"
10.9 Marla,6,5,PKR8.5 Crore,"G-13, Islamabad, Islamabad Capital"
4.4 Marla,4,4,PKR3 Crore,"G-13, Islamabad, Islamabad Capital"
4.4 Marla,5,4,PKR4.1 Crore,"G-13, Islamabad, Islamabad Capital"
4.4 Marla,5,4,PKR4.3 Crore,"G-13, Islamabad, Islamabad Capital"
4.4 Marla,5,10,PKR4.25 Crore,"G-13, Islamabad, Islamabad Capital"
5.5 Marla,5,5,PKR5.75 Crore,"G-11, Islamabad, Islamabad Capital"
8 Marla,5,4,PKR5.8 Crore,"G-13, Islamabad, Islamabad Capital"
8 Marla,6,5,PKR7.1 Crore,"G-13, Islamabad, Islamabad Capital"
4 Marla,4,4,PKR2.9 Crore,"G-13, Islamabad, Islamabad Capital"
4 Marla,3,4,PKR3.55 Crore,"G-13, Islamabad, Islamabad Capital"
8 Marla,6,6,PKR6.5 Crore,"G-13, Islamabad, Islamabad Capital"
14.2 Marla,7,7,PKR10.5 Crore,"G-13, Islamabad, Islamabad Capital"
14.2 Marla,6,6,PKR13.2 Crore,"G-13, Islamabad, Islamabad Capital"
8 Marla,7,5,PKR5.4 Crore,"G-13, Islamabad, Islamabad Capital"
10 Marla,7,6,PKR9.45 Crore,"G-13, Islamabad, Islamabad Capital"
5 Marla,5,5,PKR5.25 Crore,"G-11, Islamabad, Islamabad Capital"
4.4 Marla,5,4,PKR3.4 Crore,"G-13, Islamabad, Islamabad Capital"
4 Marla,4,4,PKR3.15 Crore,"G-13, Islamabad, Islamabad Capital"
4.4 Marla,5,4,PKR3.5 Crore,"G-13, Islamabad, Islamabad Capital"
4 Marla,5,4,PKR3.35 Crore,"G-13, Islamabad, Islamabad Capital"
8 Marla,6,6,PKR5.6 Crore,"G-13, Islamabad, Islamabad Capital"
4 Marla,4,4,PKR3.65 Crore,"G-13, Islamabad, Islamabad Capital"
8 Marla,6,5,PKR5.7 Crore,"G-13, Islamabad, Islamabad Capital"
14.2 Marla,7,6,PKR12 Crore,"G-13, Islamabad, Islamabad Capital"
10.9 Marla,6,5,PKR9 Crore,"G-13, Islamabad, Islamabad Capital"
4.4 Marla,5,4,PKR3.25 Crore,"G-13, Islamabad, Islamabad Capital"
5.6 Marla,5,4,PKR4.5 Crore,"G-11, Islamabad, Islamabad Capital"
8 Marla,6,5,PKR6.35 Crore,"G-13, Islamabad, Islamabad Capital"
5.3 Marla,4,4,PKR4.75 Crore,"G-11, Islamabad, Islamabad Capital"
14 Marla,7,7,PKR10.75 Crore,"G-13, Islamabad, Islamabad Capital"
10.9 Marla,7,7,PKR8.5 Crore,"G-13, Islamabad, Islamabad Capital"
4 Marla,4,4,PKR3.2 Crore,"G-13, Islamabad, Islamabad Capital"
14.2 Marla,-,7,PKR11.25 Crore,"G-13, Islamabad, Islamabad Capital"
14.2 Marla,-,7,PKR12.7 Crore,"G-13, Islamabad, Islamabad Capital"
4 Marla,5,4,PKR3.95 Crore,"G-13, Islamabad, Islamabad Capital"
8 Marla,4,5,PKR7.25 Crore,"G-11, Islamabad, Islamabad Capital"
5 Marla,5,4,PKR5.7 Crore,"G-11, Islamabad, Islamabad Capital"
2 Kanal,-,-,PKR34 Crore,"G-11, Islamabad, Islamabad Capital"
4 Marla,5,5,PKR4.3 Crore,"G-13, Islamabad, Islamabad Capital"
4 Marla,4,4,PKR4.15 Crore,"G-13, Islamabad, Islamabad Capital"
14 Marla,6,6,PKR11 Crore,"G-13, Islamabad, Islamabad Capital"
7 Marla,6,5,PKR5.95 Crore,"G-13, Islamabad, Islamabad Capital"
7 Marla,4,4,PKR5.1 Crore,"G-13, Islamabad, Islamabad Capital"
8 Marla,3,2,PKR5.8 Crore,"G-11, Islamabad, Islamabad Capital"
1 Kanal,6,6,PKR17.5 Crore,"G-13, Islamabad, Islamabad Capital"
1 Kanal,6,6,PKR15.9 Crore,"G-13, Islamabad, Islamabad Capital"
4 Marla,5,5,PKR3.29 Crore,"G-13, Islamabad, Islamabad Capital"
4 Marla,5,4,PKR5 Crore,"G-13, Islamabad, Islamabad Capital"
10 Marla,7,6,PKR8.15 Crore,"G-13, Islamabad, Islamabad Capital"
10 Marla,7,6,PKR9.3 Crore,"G-13, Islamabad, Islamabad Capital"
14 Marla,7,6,PKR10.85 Crore,"G-13, Islamabad, Islamabad Capital"
7 Marla,4,4,PKR6.5 Crore,"G-13, Islamabad, Islamabad Capital"
10 Marla,6,6,PKR8.4 Crore,"G-13, Islamabad, Islamabad Capital"
7 Marla,6,5,PKR7 Crore,"G-13, Islamabad, Islamabad Capital"
7 Marla,7,5,PKR6.8 Crore,"G-13, Islamabad, Islamabad Capital"
8 Marla,5,5,PKR6.85 Crore,"G-11, Islamabad, Islamabad Capital"
8 Marla,6,5,PKR5.85 Crore,"G-13, Islamabad, Islamabad Capital"
10 Marla,7,6,PKR8.9 Crore,"G-13, Islamabad, Islamabad Capital"
4 Marla,4,4,PKR3.95 Crore,"G-13, Islamabad, Islamabad Capital"
7 Marla,4,4,PKR6.8 Crore,"G-13, Islamabad, Islamabad Capital"
10 Marla,5,5,PKR9.75 Crore,"G-11, Islamabad, Islamabad Capital"
8 Marla,6,5,PKR5.5 Crore,"G-13, Islamabad, Islamabad Capital"
1 Kanal,6,7,PKR15.5 Crore,"G-13, Islamabad, Islamabad Capital"
4.4 Marla,5,4,PKR3.45 Crore,"G-13, Islamabad, Islamabad Capital"
7 Marla,4,4,PKR5.6 Crore,"G-13, Islamabad, Islamabad Capital"
4 Marla,4,4,PKR4.1 Crore,"G-13, Islamabad, Islamabad Capital"
4 Marla,4,4,PKR3.5 Crore,"G-13, Islamabad, Islamabad Capital"
8 Marla,7,6,PKR5.15 Crore,"G-13, Islamabad, Islamabad Capital"
10.9 Marla,-,-,PKR8.5 Crore,"G-13, Islamabad, Islamabad Capital"
1 Kanal,6,6,PKR16.5 Crore,"G-11, Islamabad, Islamabad Capital"
8 Marla,6,5,PKR8.85 Crore,"G-11, Islamabad, Islamabad Capital"
8 Marla,7,5,PKR4.85 Crore,"G-13, Islamabad, Islamabad Capital"
8 Marla,5,5,PKR3 Crore,"B-17, Islamabad, Islamabad Capital"
10.9 Marla,6,7,PKR4.45 Crore,"B-17, Islamabad, Islamabad Capital"
8 Marla,5,5,PKR3.3 Crore,"B-17, Islamabad, Islamabad Capital"
14 Marla,6,6,PKR7.9 Crore,"B-17, Islamabad, Islamabad Capital"
10 Marla,6,7,PKR3.8 Crore,"B-17, Islamabad, Islamabad Capital"
10.9 Marla,6,-,PKR5.6 Crore,"B-17, Islamabad, Islamabad Capital"
4 Marla,4,3,PKR4.25 Crore,"D-12, Islamabad, Islamabad Capital"
10 Marla,6,5,PKR11.5 Crore,"D-12, Islamabad, Islamabad Capital"
8 Marla,5,4,PKR10 Crore,"D-12, Islamabad, Islamabad Capital"
5 Marla,4,4,PKR5.75 Crore,"D-12, Islamabad, Islamabad Capital"
10 Marla,6,5,PKR13 Crore,"D-12, Islamabad, Islamabad Capital"
4 Marla,4,3,PKR4.5 Crore,"D-12, Islamabad, Islamabad Capital"
4 Marla,3,3,PKR6.75 Crore,"D-12, Islamabad, Islamabad Capital"
14 Marla,6,7,PKR14.5 Crore,"D-12, Islamabad, Islamabad Capital"
14 Marla,6,6,PKR16.5 Crore,"D-12, Islamabad, Islamabad Capital"
8 Marla,7,5,PKR4.25 Crore,"B-17, Islamabad, Islamabad Capital"
5 Marla,5,4,PKR2.8 Crore,"B-17, Islamabad, Islamabad Capital"
10.9 Marla,6,6,PKR4.75 Crore,"B-17, Islamabad, Islamabad Capital"
1 Kanal,6,6,PKR8.3 Crore,"B-17, Islamabad, Islamabad Capital"
1 Kanal,6,7,PKR7.5 Crore,"Soan Garden, Islamabad, Islamabad Capital"
8 Marla,5,5,PKR4.25 Crore,"B-17, Islamabad, Islamabad Capital"
8 Marla,6,5,PKR3.6 Crore,"B-17, Islamabad, Islamabad Capital"
8 Marla,6,6,PKR2.65 Crore,"B-17, Islamabad, Islamabad Capital"
5 Marla,4,4,PKR5.3 Crore,"D-12, Islamabad, Islamabad Capital"
1 Kanal,-,8,PKR26 Crore,"D-12, Islamabad, Islamabad Capital"
8 Marla,6,5,PKR3.7 Crore,"B-17, Islamabad, Islamabad Capital"
5 Marla,4,4,PKR5.75 Crore,"D-12, Islamabad, Islamabad Capital"
12 Marla,6,6,PKR7.25 Crore,"PWD Housing Scheme, Islamabad, Islamabad Capital"
7 Marla,5,6,PKR2.65 Crore,"Soan Garden, Islamabad, Islamabad Capital"
10 Marla,6,7,PKR3.5 Crore,"Soan Garden, Islamabad, Islamabad Capital"
8 Marla,4,4,PKR9 Crore,"D-12, Islamabad, Islamabad Capital"
10 Marla,6,6,PKR11.5 Crore,"D-12, Islamabad, Islamabad Capital"
5 Marla,5,4,PKR2.5 Crore,"FECHS, Islamabad, Islamabad Capital"
12 Marla,6,6,PKR6.5 Crore,"PWD Housing Scheme, Islamabad, Islamabad Capital"
14.2 Marla,7,7,PKR15 Crore,"D-12, Islamabad, Islamabad Capital"
6 Marla,6,5,PKR2.65 Crore,"Soan Garden, Islamabad, Islamabad Capital"
10 Marla,5,4,PKR8.5 Crore,"D-12, Islamabad, Islamabad Capital"
5 Marla,2,2,PKR1.6 Crore,"FECHS, Islamabad, Islamabad Capital"
10 Marla,6,6,PKR11.5 Crore,"D-12, Islamabad, Islamabad Capital"
8 Marla,6,7,PKR10.25 Crore,"D-12, Islamabad, Islamabad Capital"
5 Marla,-,-,PKR2.45 Crore,"B-17, Islamabad, Islamabad Capital"
5 Marla,4,4,PKR5.65 Crore,"D-12, Islamabad, Islamabad Capital"
5 Marla,4,4,PKR5.75 Crore,"D-12, Islamabad, Islamabad Capital"
7 Marla,7,5,PKR3.65 Crore,"FECHS, Islamabad, Islamabad Capital"
5 Marla,4,4,PKR2.5 Crore,"B-17, Islamabad, Islamabad Capital"
4 Marla,4,3,PKR4.8 Crore,"D-12, Islamabad, Islamabad Capital"
1 Kanal,6,9,PKR16.5 Crore,"D-12, Islamabad, Islamabad Capital"
14 Marla,7,6,PKR6.5 Crore,"B-17, Islamabad, Islamabad Capital"
4 Marla,4,3,PKR4.65 Crore,"D-12, Islamabad, Islamabad Capital"
8 Marla,6,7,PKR10.5 Crore,"D-12, Islamabad, Islamabad Capital"
10 Marla,5,4,PKR4.5 Crore,"FECHS, Islamabad, Islamabad Capital"
5 Marla,6,6,PKR2.6 Crore,"B-17, Islamabad, Islamabad Capital"
5 Marla,-,-,PKR2.8 Crore,"B-17, Islamabad, Islamabad Capital"
12.4 Marla,6,5,PKR5.5 Crore,"B-17, Islamabad, Islamabad Capital"
8 Marla,6,4,PKR2.65 Crore,"B-17, Islamabad, Islamabad Capital"
5 Marla,4,4,PKR2.2 Crore,"B-17, Islamabad, Islamabad Capital"
5 Marla,4,4,PKR2.5 Crore,"B-17, Islamabad, Islamabad Capital"
5 Marla,4,4,PKR2.2 Crore,"B-17, Islamabad, Islamabad Capital"
12 Marla,7,7,PKR7.25 Crore,"FECHS, Islamabad, Islamabad Capital"
12 Marla,7,6,PKR6 Crore,"FECHS, Islamabad, Islamabad Capital"
7 Marla,6,7,PKR3.75 Crore,"FECHS, Islamabad, Islamabad Capital"
7 Marla,3,2,PKR2.4 Crore,"FECHS, Islamabad, Islamabad Capital"
7 Marla,7,4,PKR3.4 Crore,"FECHS, Islamabad, Islamabad Capital"
8 Marla,5,5,PKR9.5 Crore,"D-12, Islamabad, Islamabad Capital"
4 Marla,3,3,PKR4.1 Crore,"D-12, Islamabad, Islamabad Capital"
7 Marla,6,5,PKR3.45 Crore,"FECHS, Islamabad, Islamabad Capital"
8 Marla,6,4,PKR4 Crore,"B-17, Islamabad, Islamabad Capital"
10 Marla,6,4,PKR3.9 Crore,"B-17, Islamabad, Islamabad Capital"
5.6 Marla,PKR1.48 Crore,4,PKR3.95 Crore,PKR1 Crore
8 Marla,4,4,PKR3 Crore,"Soan Garden, Islamabad, Islamabad Capital"
4 Marla,-,-,PKR4 Crore,"D-12, Islamabad, Islamabad Capital"
8 Marla,4,4,PKR3.5 Crore,"B-17, Islamabad, Islamabad Capital"
10 Marla,6,5,PKR11.5 Crore,"D-12, Islamabad, Islamabad Capital"
8 Marla,6,4,PKR8.75 Crore,"D-12, Islamabad, Islamabad Capital"
4 Marla,4,3,PKR4.75 Crore,"D-12, Islamabad, Islamabad Capital"
5 Marla,4,4,PKR2.1 Crore,"B-17, Islamabad, Islamabad Capital"
12 Marla,6,6,PKR5.8 Crore,"B-17, Islamabad, Islamabad Capital"
8 Marla,3,2,PKR2.25 Crore,"B-17, Islamabad, Islamabad Capital"
5 Marla,4,4,PKR2.1 Crore,"B-17, Islamabad, Islamabad Capital"
5 Marla,4,4,PKR2.2 Crore,"B-17, Islamabad, Islamabad Capital"
8 Marla,4,4,PKR3.3 Crore,"B-17, Islamabad, Islamabad Capital"
5 Marla,5,4,PKR2.3 Crore,"B-17, Islamabad, Islamabad Capital"
1 Kanal,4,3,PKR5.25 Crore,"Soan Garden, Islamabad, Islamabad Capital"
1 Kanal,5,5,PKR18 Crore,"D-12, Islamabad, Islamabad Capital"
5 Marla,6,6,PKR4 Crore,"B-17, Islamabad, Islamabad Capital"
5 Marla,6,6,PKR4 Crore,"B-17, Islamabad, Islamabad Capital"
5 Marla,5,5,PKR3.15 Crore,"B-17, Islamabad, Islamabad Capital"
5 Marla,6,6,PKR4 Crore,"B-17, Islamabad, Islamabad Capital"
4 Marla,3,3,PKR4.8 Crore,"D-12, Islamabad, Islamabad Capital"
4 Marla,3,3,PKR4.15 Crore,"D-12, Islamabad, Islamabad Capital"
1 Kanal,6,7,PKR19 Crore,"D-12, Islamabad, Islamabad Capital"
10 Marla,4,3,PKR1.9 Crore,"Soan Garden, Islamabad, Islamabad Capital"
4 Marla,3,3,PKR4.75 Crore,"D-12, Islamabad, Islamabad Capital"
8 Marla,6,5,PKR3.15 Crore,"FECHS, Islamabad, Islamabad Capital"
4 Marla,5,3,PKR4.65 Crore,"D-12, Islamabad, Islamabad Capital"
8 Marla,6,4,PKR4.3 Crore,"B-17, Islamabad, Islamabad Capital"
8 Marla,6,4,PKR3.5 Crore,"B-17, Islamabad, Islamabad Capital"
5 Marla,6,4,PKR2.1 Crore,"B-17, Islamabad, Islamabad Capital"
8 Marla,6,7,PKR8.35 Crore,"D-12, Islamabad, Islamabad Capital"
8 Marla,6,4,PKR3.7 Crore,"FECHS, Islamabad, Islamabad Capital"
1 Kanal,6,6,PKR6.75 Crore,"Soan Garden, Islamabad, Islamabad Capital"
5 Marla,5,4,PKR2.5 Crore,"B-17, Islamabad, Islamabad Capital"
5 Marla,5,4,PKR2.25 Crore,"B-17, Islamabad, Islamabad Capital"
5 Marla,5,4,PKR2.5 Crore,"B-17, Islamabad, Islamabad Capital"
5 Marla,5,4,PKR2.8 Crore,"B-17, Islamabad, Islamabad Capital"
5 Marla,5,4,PKR2.3 Crore,"B-17, Islamabad, Islamabad Capital"
5 Marla,5,4,PKR2.35 Crore,"B-17, Islamabad, Islamabad Capital"
7 Marla,6,5,PKR3.4 Crore,"FECHS, Islamabad, Islamabad Capital"
10 Marla,3,3,PKR4.5 Crore,"FECHS, Islamabad, Islamabad Capital"
8 Marla,7,7,PKR3.4 Crore,"FECHS, Islamabad, Islamabad Capital"
7 Marla,7,5,PKR3.15 Crore,"FECHS, Islamabad, Islamabad Capital"
5 Marla,5,4,PKR2.5 Crore,"FECHS, Islamabad, Islamabad Capital"
5 Marla,4,3,PKR2.6 Crore,"B-17, Islamabad, Islamabad Capital"
5 Marla,4,3,PKR2.5 Crore,"B-17, Islamabad, Islamabad Capital"
8 Marla,6,6,PKR4.3 Crore,"B-17, Islamabad, Islamabad Capital"
1 Kanal,6,6,PKR9.4 Crore,"B-17, Islamabad, Islamabad Capital"
1 Kanal,7,6,PKR19.5 Crore,"D-12, Islamabad, Islamabad Capital"
8 Marla,6,5,PKR4.3 Crore,"B-17, Islamabad, Islamabad Capital"
8 Marla,3,2,PKR2.4 Crore,"FECHS, Islamabad, Islamabad Capital"
4 Marla,4,4,PKR4.25 Crore,"D-12, Islamabad, Islamabad Capital"
14 Marla,6,6,PKR14.5 Crore,"D-12, Islamabad, Islamabad Capital"
5 Marla,4,3,PKR5.65 Crore,"D-12, Islamabad, Islamabad Capital"
8 Marla,6,6,PKR2.7 Crore,"B-17, Islamabad, Islamabad Capital"
8 Marla,6,6,PKR3.95 Crore,"B-17, Islamabad, Islamabad Capital"
5 Marla,5,4,PKR2.7 Crore,"B-17, Islamabad, Islamabad Capital"
7 Marla,6,5,PKR3.15 Crore,"FECHS, Islamabad, Islamabad Capital"
15 Marla,4,4,PKR4 Crore,"Soan Garden, Islamabad, Islamabad Capital"
8 Marla,6,5,PKR3.4 Crore,"FECHS, Islamabad, Islamabad Capital"
10 Marla,6,5,PKR4.25 Crore,"PWD Housing Scheme, Islamabad, Islamabad Capital"
8 Marla,6,5,PKR3.3 Crore,"FECHS, Islamabad, Islamabad Capital"
8 Marla,6,5,PKR3.45 Crore,"FECHS, Islamabad, Islamabad Capital"
8 Marla,6,5,PKR3.1 Crore,"FECHS, Islamabad, Islamabad Capital"
7 Marla,4,3,PKR2.5 Crore,"FECHS, Islamabad, Islamabad Capital"
1 Kanal,7,6,PKR8.3 Crore,"B-17, Islamabad, Islamabad Capital"
8 Marla,6,4,PKR3.6 Crore,"B-17, Islamabad, Islamabad Capital"
5 Marla,4,4,PKR2.6 Crore,"B-17, Islamabad, Islamabad Capital"
5 Marla,4,4,PKR2.45 Crore,"B-17, Islamabad, Islamabad Capital"
5 Marla,5,5,PKR2.2 Crore,"B-17, Islamabad, Islamabad Capital"
5 Marla,4,5,PKR2.8 Crore,"B-17, Islamabad, Islamabad Capital"
8 Marla,7,6,PKR10.25 Crore,"D-12, Islamabad, Islamabad Capital"
1 Kanal,6,10,PKR6.1 Crore,"Soan Garden, Islamabad, Islamabad Capital"
7 Marla,5,5,PKR3.3 Crore,"Soan Garden, Islamabad, Islamabad Capital"
5 Marla,3,3,PKR1.9 Crore,"B-17, Islamabad, Islamabad Capital"
5 Marla,6,5,PKR2.3 Crore,"B-17, Islamabad, Islamabad Capital"
14 Marla,6,10,PKR7.8 Crore,"B-17, Islamabad, Islamabad Capital"
5 Marla,4,4,PKR2.1 Crore,"B-17, Islamabad, Islamabad Capital"
7 Marla,5,4,PKR9.75 Crore,"D-12, Islamabad, Islamabad Capital"
5 Marla,-,-,PKR2.8 Crore,"B-17, Islamabad, Islamabad Capital"
5 Marla,7,6,PKR3.75 Crore,"PWD Housing Scheme, Islamabad, Islamabad Capital"
1 Kanal,6,7,PKR5.5 Crore,"Soan Garden, Islamabad, Islamabad Capital"
7 Marla,5,4,PKR3.35 Crore,"FECHS, Islamabad, Islamabad Capital"
1 Kanal,6,7,PKR7.5 Crore,"FECHS, Islamabad, Islamabad Capital"
8 Marla,6,6,PKR3.96 Crore,"B-17, Islamabad, Islamabad Capital"
5 Marla,5,4,PKR2.3 Crore,"B-17, Islamabad, Islamabad Capital"
8 Marla,4,4,PKR2.4 Crore,"B-17, Islamabad, Islamabad Capital"
5 Marla,5,4,PKR2.5 Crore,"FECHS, Islamabad, Islamabad Capital"
1 Kanal,6,7,PKR7 Crore,"Soan Garden, Islamabad, Islamabad Capital"
12 Marla,4,3,PKR3.25 Crore,"Soan Garden, Islamabad, Islamabad Capital"
5 Marla,5,5,PKR2.65 Crore,"Soan Garden, Islamabad, Islamabad Capital"
4 Marla,5,4,PKR4.4 Crore,"D-12, Islamabad, Islamabad Capital"
10 Marla,6,5,PKR13 Crore,"D-12, Islamabad, Islamabad Capital"
9.3 Marla,3,2,PKR2.6 Crore,"Soan Garden, Islamabad, Islamabad Capital"
1 Kanal,7,7,PKR26.5 Crore,"D-12, Islamabad, Islamabad Capital"
7 Marla,5,5,PKR3.2 Crore,"FECHS, Islamabad, Islamabad Capital"
8 Marla,7,7,PKR9.75 Crore,"D-12, Islamabad, Islamabad Capital"
4.4 Marla,4,3,PKR5.2 Crore,"D-12, Islamabad, Islamabad Capital"
5 Marla,6,5,PKR5.75 Crore,"D-12, Islamabad, Islamabad Capital"
10 Marla,7,6,PKR12 Crore,"D-12, Islamabad, Islamabad Capital"
5 Marla,4,4,PKR5.75 Crore,"D-12, Islamabad, Islamabad Capital"
5 Marla,4,3,PKR2 Crore,"B-17, Islamabad, Islamabad Capital"
5 Marla,5,5,PKR2.35 Crore,"B-17, Islamabad, Islamabad Capital"
5 Marla,4,3,PKR2.3 Crore,"B-17, Islamabad, Islamabad Capital"
5 Marla,5,4,PKR2.3 Crore,"B-17, Islamabad, Islamabad Capital"
1 Kanal,7,5,PKR9.8 Crore,"B-17, Islamabad, Islamabad Capital"
5 Marla,4,4,PKR2.95 Crore,"B-17, Islamabad, Islamabad Capital"
1 Kanal,6,7,PKR7.25 Crore,"Soan Garden, Islamabad, Islamabad Capital"
9 Marla,6,7,PKR4.5 Crore,"Soan Garden, Islamabad, Islamabad Capital"
7 Marla,6,5,PKR3.45 Crore,"FECHS, Islamabad, Islamabad Capital"
8 Marla,3,3,PKR2.5 Crore,"FECHS, Islamabad, Islamabad Capital"
7 Marla,6,5,PKR3.5 Crore,"FECHS, Islamabad, Islamabad Capital"
0 Marla,6,6,PKR5.25 Crore,"B-17, Islamabad, Islamabad Capital"
10 Marla,6,6,PKR4.3 Crore,"Soan Garden, Islamabad, Islamabad Capital"
8 Marla,6,4,PKR3.7 Crore,"B-17, Islamabad, Islamabad Capital"
14 Marla,6,6,PKR5.5 Crore,"FECHS, Islamabad, Islamabad Capital"
5 Marla,4,-,PKR2.5 Crore,"B-17, Islamabad, Islamabad Capital"
1 Kanal,7,6,PKR7.5 Crore,"FECHS, Islamabad, Islamabad Capital"
8 Marla,5,4,PKR3.95 Crore,"B-17, Islamabad, Islamabad Capital"
5 Marla,6,4,PKR2.8 Crore,"B-17, Islamabad, Islamabad Capital"
10 Marla,6,5,PKR13.5 Crore,"D-12, Islamabad, Islamabad Capital"
5 Marla,6,4,PKR2.8 Crore,"B-17, Islamabad, Islamabad Capital"
5 Marla,4,4,PKR5.65 Crore,"D-12, Islamabad, Islamabad Capital"
4 Marla,4,4,PKR4.3 Crore,"D-12, Islamabad, Islamabad Capital"
5 Marla,5,4,PKR2.4 Crore,"B-17, Islamabad, Islamabad Capital"
10 Marla,7,6,PKR11.5 Crore,"D-12, Islamabad, Islamabad Capital"
2.4 Kanal,6,6,PKR39 Crore,"G-6, Islamabad, Islamabad Capital"
9.8 Marla,5,5,PKR7.95 Crore,"G-6, Islamabad, Islamabad Capital"
6.7 Marla,3,4,PKR6 Crore,"G-9, Islamabad, Islamabad Capital"
11 Marla,5,5,PKR12.5 Crore,"G-6, Islamabad, Islamabad Capital"
6.7 Marla,2,3,PKR5 Crore,"G-9, Islamabad, Islamabad Capital"
6.7 Marla,4,4,PKR4.6 Crore,"G-9, Islamabad, Islamabad Capital"
9.8 Marla,5,5,PKR7.85 Crore,"G-6, Islamabad, Islamabad Capital"
2.3 Kanal,-,-,PKR1.1 Arab,"G-6, Islamabad, Islamabad Capital"
5 Marla,4,4,PKR6 Crore,"G-7, Islamabad, Islamabad Capital"
6.7 Marla,5,5,PKR7.35 Crore,"G-9, Islamabad, Islamabad Capital"
5.3 Marla,2,2,PKR2.5 Crore,"G-8, Islamabad, Islamabad Capital"
5 Marla,5,4,PKR2.5 Crore,"Naval Anchorage, Islamabad, Islamabad Capital"
5 Marla,6,4,PKR2.4 Crore,"Naval Anchorage, Islamabad, Islamabad Capital"
14 Marla,6,7,PKR17 Crore,"G-9, Islamabad, Islamabad Capital"
5.6 Marla,4,4,PKR4.45 Crore,"G-7, Islamabad, Islamabad Capital"
1 Kanal,-,-,PKR9 Crore,"Naval Anchorage, Islamabad, Islamabad Capital"
3.3 Kanal,-,-,PKR70 Crore,"G-6, Islamabad, Islamabad Capital"
5 Marla,4,4,PKR5.2 Crore,"G-9, Islamabad, Islamabad Capital"
12 Marla,4,5,PKR10.5 Crore,"G-8, Islamabad, Islamabad Capital"
2.4 Kanal,6,6,PKR48 Crore,"G-6, Islamabad, Islamabad Capital"
14 Marla,5,5,PKR9.75 Crore,"G-9, Islamabad, Islamabad Capital"
6 Marla,5,5,PKR4.5 Crore,"G-9, Islamabad, Islamabad Capital"
6.7 Marla,4,4,PKR6.5 Crore,"G-9, Islamabad, Islamabad Capital"
14.2 Marla,6,6,PKR11 Crore,"G-9, Islamabad, Islamabad Capital"
14.2 Marla,6,7,PKR16 Crore,"G-9, Islamabad, Islamabad Capital"
14.2 Marla,6,6,PKR16 Crore,"G-9, Islamabad, Islamabad Capital"
10.9 Marla,4,4,PKR8 Crore,"G-9, Islamabad, Islamabad Capital"
6.7 Marla,5,5,PKR7 Crore,"G-9, Islamabad, Islamabad Capital"
10.9 Marla,4,4,PKR8 Crore,"G-9, Islamabad, Islamabad Capital"
14.2 Marla,6,6,PKR9.25 Crore,"G-9, Islamabad, Islamabad Capital"
6.7 Marla,5,5,PKR5 Crore,"G-9, Islamabad, Islamabad Capital"
14.2 Marla,6,6,PKR11 Crore,"G-9, Islamabad, Islamabad Capital"
6.6 Marla,-,-,PKR6.75 Crore,"G-9, Islamabad, Islamabad Capital"
2 Kanal,6,5,PKR35 Crore,"G-6, Islamabad, Islamabad Capital"
10 Marla,-,-,PKR7.5 Crore,"G-9, Islamabad, Islamabad Capital"
2.4 Kanal,6,6,PKR35 Crore,"G-6, Islamabad, Islamabad Capital"
9.8 Marla,4,4,PKR7.95 Crore,"G-6, Islamabad, Islamabad Capital"
1.1 Kanal,5,5,PKR15 Crore,"G-6, Islamabad, Islamabad Capital"
5 Marla,-,-,PKR2.58 Crore,"Naval Anchorage, Islamabad, Islamabad Capital"
6.7 Marla,5,5,PKR6.75 Crore,"G-9, Islamabad, Islamabad Capital"
14.2 Marla,6,6,PKR13.75 Crore,"G-9, Islamabad, Islamabad Capital"
10.9 Marla,4,4,PKR9.5 Crore,"G-9, Islamabad, Islamabad Capital"
14.2 Marla,6,6,PKR10.8 Crore,"G-9, Islamabad, Islamabad Capital"
6.7 Marla,5,5,PKR6.5 Crore,"G-9, Islamabad, Islamabad Capital"
11.1 Marla,6,6,PKR12.5 Crore,"G-6, Islamabad, Islamabad Capital"
14.2 Marla,6,6,PKR17.5 Crore,"G-9, Islamabad, Islamabad Capital"
17.8 Marla,6,7,PKR16.75 Crore,"G-9, Islamabad, Islamabad Capital"
14 Marla,6,6,PKR12.5 Crore,"G-9, Islamabad, Islamabad Capital"
1.2 Kanal,6,6,PKR27 Crore,"G-6, Islamabad, Islamabad Capital"
6 Marla,5,5,PKR6.5 Crore,"G-9, Islamabad, Islamabad Capital"
6.7 Marla,4,4,PKR6.25 Crore,"G-8, Islamabad, Islamabad Capital"
14.2 Marla,-,-,PKR8.1 Crore,"G-9, Islamabad, Islamabad Capital"
6.6 Marla,5,4,PKR4.5 Crore,"G-9, Islamabad, Islamabad Capital"
6.7 Marla,4,4,PKR5.35 Crore,"G-9, Islamabad, Islamabad Capital"
6 Marla,4,5,PKR5.7 Crore,"G-9, Islamabad, Islamabad Capital"
6 Marla,5,5,PKR6 Crore,"G-9, Islamabad, Islamabad Capital"
6.7 Marla,2,3,PKR5.5 Crore,"G-9, Islamabad, Islamabad Capital"
10.9 Marla,4,4,PKR7.75 Crore,"G-9, Islamabad, Islamabad Capital"
6 Marla,4,4,PKR4.5 Crore,"G-9, Islamabad, Islamabad Capital"
12 Marla,4,5,PKR16 Crore,"G-9, Islamabad, Islamabad Capital"
3.3 Kanal,7,9,PKR65 Crore,"G-6, Islamabad, Islamabad Capital"
5 Marla,3,4,PKR5.35 Crore,"G-9, Islamabad, Islamabad Capital"
14.2 Marla,6,6,PKR11 Crore,"G-9, Islamabad, Islamabad Capital"
14 Marla,6,6,PKR5.75 Crore,"Naval Anchorage, Islamabad, Islamabad Capital"
1 Kanal,6,6,PKR8 Crore,"Naval Anchorage, Islamabad, Islamabad Capital"
10 Marla,5,6,PKR7.5 Crore,"G-9, Islamabad, Islamabad Capital"
5.6 Marla,4,5,PKR5.25 Crore,"G-9, Islamabad, Islamabad Capital"
6.7 Marla,4,4,PKR4.8 Crore,"G-9, Islamabad, Islamabad Capital"
5 Marla,4,4,PKR2.62 Crore,"Naval Anchorage, Islamabad, Islamabad Capital"
2 Kanal,5,5,PKR20 Crore,"Naval Anchorage, Islamabad, Islamabad Capital"
3.3 Kanal,6,7,PKR48 Crore,"G-6, Islamabad, Islamabad Capital"
9.8 Marla,5,5,PKR8 Crore,"G-6, Islamabad, Islamabad Capital"
2.4 Kanal,6,7,PKR60 Crore,"G-6, Islamabad, Islamabad Capital"
3.3 Kanal,6,7,PKR50 Crore,"G-6, Islamabad, Islamabad Capital"
3.3 Kanal,6,6,PKR58 Crore,"G-6, Islamabad, Islamabad Capital"
10 Marla,5,5,PKR8.5 Crore,"G-9, Islamabad, Islamabad Capital"
6 Marla,4,4,PKR6.25 Crore,"G-9, Islamabad, Islamabad Capital"
6 Marla,5,5,PKR4.5 Crore,"G-9, Islamabad, Islamabad Capital"
1 Kanal,7,7,PKR6.9 Crore,"Naval Anchorage, Islamabad, Islamabad Capital"
14.2 Marla,6,6,PKR10.8 Crore,"G-9, Islamabad, Islamabad Capital"
14.2 Marla,6,7,PKR13.75 Crore,"G-9, Islamabad, Islamabad Capital"
6.7 Marla,4,4,PKR6.55 Crore,"G-9, Islamabad, Islamabad Capital"
2.4 Kanal,5,5,PKR40 Crore,"G-6, Islamabad, Islamabad Capital"
3.3 Kanal,6,7,PKR58 Crore,"G-6, Islamabad, Islamabad Capital"
2.4 Kanal,6,7,PKR56 Crore,"G-6, Islamabad, Islamabad Capital"
2.4 Kanal,6,5,PKR35 Crore,"G-6, Islamabad, Islamabad Capital"
6 Marla,2,3,PKR5.7 Crore,"G-9, Islamabad, Islamabad Capital"
2.4 Kanal,5,4,PKR35 Crore,"G-6, Islamabad, Islamabad Capital"
3.3 Kanal,6,7,PKR55 Crore,"G-6, Islamabad, Islamabad Capital"
2.4 Kanal,6,5,PKR42 Crore,"G-6, Islamabad, Islamabad Capital"
4 Marla,2,2,PKR2.5 Crore,"G-6, Islamabad, Islamabad Capital"
1.3 Kanal,7,7,PKR70 Crore,"G-6, Islamabad, Islamabad Capital"
3.3 Kanal,7,7,PKR70 Crore,"G-6, Islamabad, Islamabad Capital"
1.2 Kanal,7,7,PKR35 Crore,"G-6, Islamabad, Islamabad Capital"
1 Kanal,4,5,PKR4.65 Crore,"Naval Anchorage, Islamabad, Islamabad Capital"
9.8 Marla,4,4,PKR6.25 Crore,"G-6, Islamabad, Islamabad Capital"
6 Marla,5,5,PKR7.05 Crore,"G-9, Islamabad, Islamabad Capital"
1 Kanal,4,4,PKR4.75 Crore,"Naval Anchorage, Islamabad, Islamabad Capital"
1 Kanal,-,9,PKR7.65 Crore,"Naval Anchorage, Islamabad, Islamabad Capital"
10 Marla,4,4,PKR10.75 Crore,"G-9, Islamabad, Islamabad Capital"
10 Marla,5,5,PKR8 Crore,"G-9, Islamabad, Islamabad Capital"
5 Marla,-,-,PKR4.75 Crore,"G-8, Islamabad, Islamabad Capital"
5 Marla,6,5,PKR2.65 Crore,"Naval Anchorage, Islamabad, Islamabad Capital"
5 Marla,6,4,PKR2.7 Crore,"Naval Anchorage, Islamabad, Islamabad Capital"
5 Marla,6,4,PKR2.55 Crore,"Naval Anchorage, Islamabad, Islamabad Capital"
5.6 Marla,3,4,PKR5 Crore,"G-9, Islamabad, Islamabad Capital"
5 Marla,5,4,PKR2.5 Crore,"Naval Anchorage, Islamabad, Islamabad Capital"
6 Marla,4,4,PKR7.2 Crore,"G-9, Islamabad, Islamabad Capital"
5 Marla,4,4,PKR2.65 Crore,"Naval Anchorage, Islamabad, Islamabad Capital"
5 Marla,3,3,PKR4.85 Crore,"G-8, Islamabad, Islamabad Capital"
14 Marla,6,6,PKR18 Crore,"G-9, Islamabad, Islamabad Capital"
10.9 Marla,4,4,PKR7.65 Crore,"G-9, Islamabad, Islamabad Capital"
2.4 Kanal,6,6,PKR60 Crore,"G-6, Islamabad, Islamabad Capital"
2.4 Kanal,4,4,PKR45 Crore,"G-6, Islamabad, Islamabad Capital"
14.2 Marla,6,6,PKR11 Crore,"G-9, Islamabad, Islamabad Capital"
14.2 Marla,4,4,PKR11 Crore,"G-9, Islamabad, Islamabad Capital"
10.9 Marla,4,4,PKR7.5 Crore,"G-9, Islamabad, Islamabad Capital"
5 Marla,4,4,PKR2.3 Crore,"Naval Anchorage, Islamabad, Islamabad Capital"
14.2 Marla,5,5,PKR11.5 Crore,"G-9, Islamabad, Islamabad Capital"
6 Marla,3,3,PKR4.9 Crore,"G-9, Islamabad, Islamabad Capital"
5 Marla,4,5,PKR5 Crore,"G-9, Islamabad, Islamabad Capital"
5.6 Marla,4,4,PKR5.2 Crore,"G-8, Islamabad, Islamabad Capital"
6 Marla,5,4,PKR4.6 Crore,"G-9, Islamabad, Islamabad Capital"
11.1 Marla,4,4,PKR9 Crore,"G-6, Islamabad, Islamabad Capital"
14 Marla,6,6,PKR5.25 Crore,"Naval Anchorage, Islamabad, Islamabad Capital"
6 Marla,4,4,PKR5.5 Crore,"G-9, Islamabad, Islamabad Capital"
14 Marla,6,10,PKR18 Crore,"G-9, Islamabad, Islamabad Capital"
6 Marla,4,4,PKR5 Crore,"G-9, Islamabad, Islamabad Capital"
14 Marla,6,6,PKR11.5 Crore,"G-9, Islamabad, Islamabad Capital"
6 Marla,5,4,PKR5.5 Crore,"G-8, Islamabad, Islamabad Capital"
14 Marla,6,7,PKR16.5 Crore,"G-9, Islamabad, Islamabad Capital"
5 Marla,4,4,PKR2.75 Crore,"Naval Anchorage, Islamabad, Islamabad Capital"
14 Marla,5,4,PKR9.65 Crore,"G-9, Islamabad, Islamabad Capital"
9.8 Marla,5,5,PKR8 Crore,"G-6, Islamabad, Islamabad Capital"
14.2 Marla,5,5,PKR18.5 Crore,"G-9, Islamabad, Islamabad Capital"
14 Marla,6,6,PKR6 Crore,"Naval Anchorage, Islamabad, Islamabad Capital"
10 Marla,4,4,PKR8.25 Crore,"G-9, Islamabad, Islamabad Capital"
2.4 Kanal,5,4,PKR48 Crore,"G-6, Islamabad, Islamabad Capital"
14.2 Marla,6,6,PKR9 Crore,"G-9, Islamabad, Islamabad Capital"
2.4 Kanal,6,5,PKR45 Crore,"G-6, Islamabad, Islamabad Capital"
2.4 Kanal,6,5,PKR35 Crore,"G-6, Islamabad, Islamabad Capital"
1.6 Kanal,6,8,PKR40 Crore,"G-7, Islamabad, Islamabad Capital"
5.6 Marla,4,4,PKR4.75 Crore,"G-8, Islamabad, Islamabad Capital"
1 Kanal,6,6,PKR8 Crore,"Naval Anchorage, Islamabad, Islamabad Capital"
16 Marla,6,6,PKR16 Crore,"G-9, Islamabad, Islamabad Capital"
14.2 Marla,2,5,PKR16 Crore,"G-9, Islamabad, Islamabad Capital"
2 Kanal,6,7,PKR17 Crore,"Naval Anchorage, Islamabad, Islamabad Capital"
1 Kanal,4,4,PKR5.9 Crore,"Naval Anchorage, Islamabad, Islamabad Capital"
1 Kanal,6,6,PKR8.25 Crore,"Naval Anchorage, Islamabad, Islamabad Capital"
14.2 Marla,6,6,PKR13.75 Crore,"G-9, Islamabad, Islamabad Capital"
6 Marla,6,5,PKR7.2 Crore,"G-9, Islamabad, Islamabad Capital"
2 Kanal,5,5,PKR38 Crore,"G-6, Islamabad, Islamabad Capital"
1.1 Kanal,6,6,PKR17 Crore,"G-6, Islamabad, Islamabad Capital"
3.3 Kanal,-,5,PKR57 Crore,"G-6, Islamabad, Islamabad Capital"
5 Marla,5,4,PKR2.8 Crore,"Naval Anchorage, Islamabad, Islamabad Capital"
1 Kanal,6,6,PKR8.5 Crore,"Naval Anchorage, Islamabad, Islamabad Capital"
5 Marla,5,4,PKR2.6 Crore,"Naval Anchorage, Islamabad, Islamabad Capital"
1 Kanal,6,6,PKR9.5 Crore,"Naval Anchorage, Islamabad, Islamabad Capital"
3.3 Kanal,6,6,PKR52 Crore,"G-6, Islamabad, Islamabad Capital"
14 Marla,7,6,PKR12.5 Crore,"G-9, Islamabad, Islamabad Capital"
1 Kanal,5,4,PKR5.9 Crore,"Naval Anchorage, Islamabad, Islamabad Capital"
5 Marla,4,4,PKR2.65 Crore,"Naval Anchorage, Islamabad, Islamabad Capital"
5 Marla,4,4,PKR2.85 Crore,"Naval Anchorage, Islamabad, Islamabad Capital"
1 Kanal,7,6,PKR8 Crore,"Naval Anchorage, Islamabad, Islamabad Capital"
5 Marla,4,4,PKR2.65 Crore,"Naval Anchorage, Islamabad, Islamabad Capital"
1 Kanal,6,6,PKR7.8 Crore,"Naval Anchorage, Islamabad, Islamabad Capital"
14 Marla,5,5,PKR9 Crore,"G-9, Islamabad, Islamabad Capital"
4.9 Marla,3,3,PKR2.15 Crore,"G-8, Islamabad, Islamabad Capital"
1 Kanal,6,7,PKR9.15 Crore,"Naval Anchorage, Islamabad, Islamabad Capital"
3.7 Kanal,7,6,PKR94.5 Crore,"G-6, Islamabad, Islamabad Capital"
14 Marla,6,5,PKR18 Crore,"G-9, Islamabad, Islamabad Capital"
12 Marla,7,7,PKR18 Crore,"G-9, Islamabad, Islamabad Capital"
14 Marla,6,8,PKR6.9 Crore,"Naval Anchorage, Islamabad, Islamabad Capital"
12 Marla,6,6,PKR11.5 Crore,"G-9, Islamabad, Islamabad Capital"
14 Marla,6,6,PKR11.5 Crore,"G-9, Islamabad, Islamabad Capital"
2.4 Kanal,7,6,PKR50 Crore,"G-6, Islamabad, Islamabad Capital"
3.3 Kanal,7,6,PKR70 Crore,"G-6, Islamabad, Islamabad Capital"
6.7 Marla,6,5,PKR7.45 Crore,"G-9, Islamabad, Islamabad Capital"
14 Marla,6,9,PKR14.5 Crore,"G-9, Islamabad, Islamabad Capital"
6.7 Marla,5,5,PKR6.75 Crore,"G-9, Islamabad, Islamabad Capital"
16 Marla,6,7,PKR16.5 Crore,"G-9, Islamabad, Islamabad Capital"
14.7 Marla,7,9,PKR17 Crore,"G-9, Islamabad, Islamabad Capital"
5 Marla,6,5,PKR2.75 Crore,"Naval Anchorage, Islamabad, Islamabad Capital"
14 Marla,-,-,PKR18.5 Crore,"G-9, Islamabad, Islamabad Capital"
14 Marla,5,5,PKR10.75 Crore,"G-9, Islamabad, Islamabad Capital"
1 Kanal,7,8,PKR8.25 Crore,"Naval Anchorage, Islamabad, Islamabad Capital"
1 Kanal,6,6,PKR8.25 Crore,"Naval Anchorage, Islamabad, Islamabad Capital"
4 Marla,2,2,PKR1.75 Crore,"G-6, Islamabad, Islamabad Capital"
14.2 Marla,-,-,PKR10 Crore,"G-9, Islamabad, Islamabad Capital"
1.1 Kanal,6,10,PKR30 Crore,"G-6, Islamabad, Islamabad Capital"
12 Marla,6,8,PKR15 Crore,"G-9, Islamabad, Islamabad Capital"
1 Kanal,6,6,PKR8.75 Crore,"Naval Anchorage, Islamabad, Islamabad Capital"
1 Kanal,6,6,PKR8.5 Crore,"Naval Anchorage, Islamabad, Islamabad Capital"
14 Marla,6,7,PKR16.5 Crore,"G-9, Islamabad, Islamabad Capital"
14 Marla,3,3,PKR16.2 Crore,"G-9, Islamabad, Islamabad Capital"
6 Marla,4,4,PKR5.5 Crore,"G-9, Islamabad, Islamabad Capital"
6 Marla,5,5,PKR5.5 Crore,"G-9, Islamabad, Islamabad Capital"
14.2 Marla,6,6,PKR9.5 Crore,"G-9, Islamabad, Islamabad Capital"
6 Marla,5,4,PKR4.5 Crore,"G-9, Islamabad, Islamabad Capital"
6.6 Marla,4,4,PKR5.45 Crore,"G-9, Islamabad, Islamabad Capital"
